<?xml version="1.0" encoding="UTF-8"?><simulationstate status="running">
<state number-of-steps="null" simulation="Mars2014_Testmatch_MAKoMAKo_b_2014-tournament-sim1" step="118">
<vertices>
<vertex dominatorTeam="MAKo" gridX="0" gridY="7" name="v0" weight="2" x="50" y="750">
<entities/>
</vertex>
<vertex gridX="3" gridY="9" name="v1" weight="3" x="350" y="950">
<entities/>
</vertex>
<vertex gridX="11" gridY="2" name="v2" weight="10" x="1150" y="250">
<entities>
<entity energy="5" health="0" lastAction="goto" lastActionParam="v2" lastActionResult="successful" maxEnergy="35" maxEnergyDisabled="35" maxHealth="4" name="MAKo3" node="v2" roleName="Explorer" strength="0" team="MAKo" visRange="2"/>
</entities>
</vertex>
<vertex gridX="8" gridY="10" name="v3" weight="1" x="850" y="1050">
<entities/>
</vertex>
<vertex gridX="12" gridY="3" name="v4" weight="2" x="1250" y="350">
<entities/>
</vertex>
<vertex dominatorTeam="MAKo_b" gridX="5" gridY="6" name="v5" weight="1" x="550" y="650">
<entities>
<entity energy="13" health="4" lastAction="probe" lastActionParam="" lastActionResult="successful" maxEnergy="35" maxEnergyDisabled="35" maxHealth="4" name="MAKo_b5" node="v5" roleName="Explorer" strength="0" team="MAKo_b" visRange="2"/>
</entities>
</vertex>
<vertex gridX="13" gridY="10" name="v6" weight="3" x="1350" y="1050">
<entities/>
</vertex>
<vertex gridX="9" gridY="9" name="v7" weight="3" x="950" y="950">
<entities/>
</vertex>
<vertex gridX="10" gridY="4" name="v8" weight="3" x="1050" y="450">
<entities/>
</vertex>
<vertex dominatorTeam="MAKo_b" gridX="8" gridY="6" name="v9" weight="1" x="850" y="650">
<entities/>
</vertex>
<vertex gridX="7" gridY="9" name="v10" weight="1" x="750" y="950">
<entities/>
</vertex>
<vertex gridX="5" gridY="1" name="v11" weight="4" x="550" y="150">
<entities/>
</vertex>
<vertex dominatorTeam="MAKo_b" gridX="6" gridY="8" name="v12" weight="1" x="650" y="850">
<entities/>
</vertex>
<vertex gridX="12" gridY="9" name="v13" weight="2" x="1250" y="950">
<entities/>
</vertex>
<vertex dominatorTeam="MAKo" gridX="0" gridY="3" name="v14" weight="2" x="50" y="350">
<entities>
<entity energy="30" health="1" lastAction="skip" lastActionParam="" lastActionResult="successful" maxEnergy="30" maxEnergyDisabled="30" maxHealth="1" name="MAKo19" node="v14" roleName="Sentinel" strength="0" team="MAKo" visRange="3"/>
</entities>
</vertex>
<vertex gridX="1" gridY="3" name="v15" weight="2" x="150" y="350">
<entities/>
</vertex>
<vertex gridX="5" gridY="9" name="v16" weight="1" x="550" y="950">
<entities/>
</vertex>
<vertex dominatorTeam="MAKo" gridX="8" gridY="0" name="v17" weight="3" x="850" y="50">
<entities>
<entity energy="25" health="6" lastAction="skip" lastActionParam="" lastActionResult="successful" maxEnergy="25" maxEnergyDisabled="25" maxHealth="6" name="MAKo9" node="v17" roleName="Repairer" strength="0" team="MAKo" visRange="1"/>
<entity energy="25" health="6" lastAction="skip" lastActionParam="" lastActionResult="successful" maxEnergy="25" maxEnergyDisabled="25" maxHealth="6" name="MAKo7" node="v17" roleName="Repairer" strength="0" team="MAKo" visRange="1"/>
<entity energy="25" health="6" lastAction="skip" lastActionParam="" lastActionResult="successful" maxEnergy="25" maxEnergyDisabled="25" maxHealth="6" name="MAKo10" node="v17" roleName="Repairer" strength="0" team="MAKo" visRange="1"/>
<entity energy="30" health="1" lastAction="skip" lastActionParam="" lastActionResult="successful" maxEnergy="30" maxEnergyDisabled="30" maxHealth="1" name="MAKo18" node="v17" roleName="Sentinel" strength="0" team="MAKo" visRange="3"/>
<entity energy="7" health="4" lastAction="probe" lastActionParam="" lastActionResult="successful" maxEnergy="35" maxEnergyDisabled="35" maxHealth="4" name="MAKo_b3" node="v17" roleName="Explorer" strength="0" team="MAKo_b" visRange="2"/>
</entities>
</vertex>
<vertex gridX="4" gridY="9" name="v18" weight="3" x="450" y="950">
<entities/>
</vertex>
<vertex gridX="11" gridY="9" name="v19" weight="2" x="1150" y="950">
<entities/>
</vertex>
<vertex gridX="4" gridY="8" name="v20" weight="5" x="450" y="850">
<entities/>
</vertex>
<vertex gridX="10" gridY="1" name="v21" weight="6" x="1050" y="150">
<entities/>
</vertex>
<vertex gridX="1" gridY="8" name="v22" weight="2" x="150" y="850">
<entities/>
</vertex>
<vertex dominatorTeam="MAKo_b" gridX="8" gridY="5" name="v23" weight="1" x="850" y="550">
<entities>
<entity energy="25" health="5" lastAction="skip" lastActionParam="" lastActionResult="successful" maxEnergy="25" maxEnergyDisabled="25" maxHealth="6" name="MAKo_b9" node="v23" roleName="Repairer" strength="0" team="MAKo_b" visRange="1"/>
<entity energy="25" health="6" lastAction="skip" lastActionParam="" lastActionResult="successful" maxEnergy="25" maxEnergyDisabled="25" maxHealth="6" name="MAKo_b10" node="v23" roleName="Repairer" strength="0" team="MAKo_b" visRange="1"/>
<entity energy="25" health="6" lastAction="skip" lastActionParam="" lastActionResult="successful" maxEnergy="25" maxEnergyDisabled="25" maxHealth="6" name="MAKo_b12" node="v23" roleName="Repairer" strength="0" team="MAKo_b" visRange="1"/>
<entity energy="30" health="1" lastAction="skip" lastActionParam="" lastActionResult="successful" maxEnergy="30" maxEnergyDisabled="30" maxHealth="1" name="MAKo_b18" node="v23" roleName="Sentinel" strength="0" team="MAKo_b" visRange="3"/>
<entity energy="30" health="1" lastAction="skip" lastActionParam="" lastActionResult="successful" maxEnergy="30" maxEnergyDisabled="30" maxHealth="1" name="MAKo_b17" node="v23" roleName="Sentinel" strength="0" team="MAKo_b" visRange="3"/>
<entity energy="2" health="0" lastAction="goto" lastActionParam="v23" lastActionResult="successful" maxEnergy="35" maxEnergyDisabled="35" maxHealth="4" name="MAKo_b6" node="v23" roleName="Explorer" strength="0" team="MAKo_b" visRange="2"/>
<entity energy="10" health="0" lastAction="goto" lastActionParam="v23" lastActionResult="successful" maxEnergy="25" maxEnergyDisabled="25" maxHealth="6" name="MAKo28" node="v23" roleName="Inspector" strength="0" team="MAKo" visRange="2"/>
</entities>
</vertex>
<vertex gridX="9" gridY="10" name="v24" weight="1" x="950" y="1050">
<entities/>
</vertex>
<vertex gridX="1" gridY="13" name="v25" weight="8" x="150" y="1350">
<entities/>
</vertex>
<vertex gridX="13" gridY="11" name="v26" weight="6" x="1350" y="1150">
<entities/>
</vertex>
<vertex gridX="10" gridY="9" name="v27" weight="3" x="1050" y="950">
<entities/>
</vertex>
<vertex gridX="0" gridY="9" name="v28" weight="2" x="50" y="950">
<entities/>
</vertex>
<vertex gridX="3" gridY="13" name="v29" weight="2" x="350" y="1350">
<entities/>
</vertex>
<vertex gridX="7" gridY="2" name="v30" weight="6" x="750" y="250">
<entities/>
</vertex>
<vertex dominatorTeam="MAKo_b" gridX="13" gridY="5" name="v31" weight="2" x="1350" y="550">
<entities>
<entity energy="30" health="1" lastAction="skip" lastActionParam="" lastActionResult="successful" maxEnergy="30" maxEnergyDisabled="30" maxHealth="1" name="MAKo_b19" node="v31" roleName="Sentinel" strength="0" team="MAKo_b" visRange="3"/>
</entities>
</vertex>
<vertex gridX="10" gridY="11" name="v32" weight="1" x="1050" y="1150">
<entities/>
</vertex>
<vertex gridX="5" gridY="8" name="v33" weight="3" x="550" y="850">
<entities/>
</vertex>
<vertex gridX="3" gridY="12" name="v34" weight="3" x="350" y="1250">
<entities/>
</vertex>
<vertex gridX="5" gridY="10" name="v35" weight="1" x="550" y="1050">
<entities/>
</vertex>
<vertex gridX="5" gridY="11" name="v36" weight="1" x="550" y="1150">
<entities/>
</vertex>
<vertex dominatorTeam="MAKo_b" gridX="9" gridY="3" name="v37" weight="4" x="950" y="350">
<entities/>
</vertex>
<vertex gridX="11" gridY="5" name="v38" weight="2" x="1150" y="550">
<entities/>
</vertex>
<vertex gridX="3" gridY="0" name="v39" weight="3" x="350" y="50">
<entities/>
</vertex>
<vertex dominatorTeam="MAKo_b" gridX="12" gridY="4" name="v40" weight="2" x="1250" y="450">
<entities>
<entity energy="25" health="6" lastAction="skip" lastActionParam="" lastActionResult="successful" maxEnergy="25" maxEnergyDisabled="25" maxHealth="6" name="MAKo_b7" node="v40" roleName="Repairer" strength="0" team="MAKo_b" visRange="1"/>
<entity energy="25" health="6" lastAction="skip" lastActionParam="" lastActionResult="successful" maxEnergy="25" maxEnergyDisabled="25" maxHealth="6" name="MAKo_b11" node="v40" roleName="Repairer" strength="0" team="MAKo_b" visRange="1"/>
<entity energy="12" health="6" lastAction="goto" lastActionParam="v40" lastActionResult="successful" maxEnergy="25" maxEnergyDisabled="25" maxHealth="6" name="MAKo27" node="v40" roleName="Inspector" strength="0" team="MAKo" visRange="2"/>
</entities>
</vertex>
<vertex gridX="0" gridY="11" name="v41" weight="6" x="50" y="1150">
<entities/>
</vertex>
<vertex gridX="0" gridY="4" name="v42" weight="2" x="50" y="450">
<entities/>
</vertex>
<vertex gridX="11" gridY="13" name="v43" weight="6" x="1150" y="1350">
<entities/>
</vertex>
<vertex gridX="3" gridY="3" name="v44" weight="5" x="350" y="350">
<entities/>
</vertex>
<vertex gridX="0" gridY="5" name="v45" weight="2" x="50" y="550">
<entities/>
</vertex>
<vertex gridX="12" gridY="10" name="v46" weight="2" x="1250" y="1050">
<entities/>
</vertex>
<vertex dominatorTeam="MAKo_b" gridX="12" gridY="8" name="v47" weight="2" x="1250" y="850">
<entities>
<entity energy="7" health="4" lastAction="goto" lastActionParam="v47" lastActionResult="successful" maxEnergy="35" maxEnergyDisabled="35" maxHealth="4" name="MAKo_b1" node="v47" roleName="Explorer" strength="0" team="MAKo_b" visRange="2"/>
</entities>
</vertex>
<vertex gridX="5" gridY="0" name="v48" weight="3" x="550" y="50">
<entities/>
</vertex>
<vertex dominatorTeam="MAKo_b" gridX="7" gridY="8" name="v49" weight="1" x="750" y="850">
<entities/>
</vertex>
<vertex gridX="2" gridY="4" name="v50" weight="2" x="250" y="450">
<entities/>
</vertex>
<vertex dominatorTeam="MAKo_b" gridX="5" gridY="5" name="v51" weight="1" x="550" y="550">
<entities/>
</vertex>
<vertex gridX="4" gridY="11" name="v52" weight="1" x="450" y="1150">
<entities/>
</vertex>
<vertex gridX="7" gridY="1" name="v53" weight="3" x="750" y="150">
<entities/>
</vertex>
<vertex gridX="10" gridY="12" name="v54" weight="3" x="1050" y="1250">
<entities/>
</vertex>
<vertex dominatorTeam="MAKo" gridX="7" gridY="0" name="v55" weight="3" x="750" y="50">
<entities>
<entity energy="30" health="1" lastAction="skip" lastActionParam="" lastActionResult="successful" maxEnergy="30" maxEnergyDisabled="30" maxHealth="1" name="MAKo21" node="v55" roleName="Sentinel" strength="0" team="MAKo" visRange="3"/>
</entities>
</vertex>
<vertex gridX="1" gridY="11" name="v56" weight="3" x="150" y="1150">
<entities/>
</vertex>
<vertex gridX="1" gridY="10" name="v57" weight="2" x="150" y="1050">
<entities/>
</vertex>
<vertex gridX="1" gridY="12" name="v58" weight="10" x="150" y="1250">
<entities/>
</vertex>
<vertex gridX="11" gridY="12" name="v59" weight="5" x="1150" y="1250">
<entities/>
</vertex>
<vertex gridX="2" gridY="10" name="v60" weight="2" x="250" y="1050">
<entities/>
</vertex>
<vertex gridX="0" gridY="13" name="v61" weight="8" x="50" y="1350">
<entities/>
</vertex>
<vertex dominatorTeam="MAKo_b" gridX="9" gridY="11" name="v62" weight="1" x="950" y="1150">
<entities>
<entity energy="13" health="5" lastAction="goto" lastActionParam="v62" lastActionResult="successful" maxEnergy="25" maxEnergyDisabled="25" maxHealth="6" name="MAKo_b28" node="v62" roleName="Inspector" strength="0" team="MAKo_b" visRange="2"/>
</entities>
</vertex>
<vertex gridX="11" gridY="10" name="v63" weight="2" x="1150" y="1050">
<entities/>
</vertex>
<vertex gridX="6" gridY="12" name="v64" weight="1" x="650" y="1250">
<entities/>
</vertex>
<vertex gridX="2" gridY="6" name="v65" weight="3" x="250" y="650">
<entities/>
</vertex>
<vertex gridX="4" gridY="1" name="v66" weight="4" x="450" y="150">
<entities/>
</vertex>
<vertex gridX="4" gridY="10" name="v67" weight="1" x="450" y="1050">
<entities/>
</vertex>
<vertex dominatorTeam="MAKo" gridX="11" gridY="1" name="v68" weight="3" x="1150" y="150">
<entities>
<entity energy="6" health="0" lastAction="recharge" lastActionParam="" lastActionResult="successful" maxEnergy="20" maxEnergyDisabled="20" maxHealth="3" name="MAKo13" node="v68" roleName="Saboteur" strength="3" team="MAKo" visRange="2"/>
</entities>
</vertex>
<vertex gridX="0" gridY="0" name="v69" weight="2" x="50" y="50">
<entities/>
</vertex>
<vertex gridX="2" gridY="11" name="v70" weight="3" x="250" y="1150">
<entities/>
</vertex>
<vertex dominatorTeam="MAKo_b" gridX="9" gridY="6" name="v71" weight="2" x="950" y="650">
<entities/>
</vertex>
<vertex gridX="2" gridY="1" name="v72" weight="3" x="250" y="150">
<entities/>
</vertex>
<vertex dominatorTeam="MAKo" gridX="12" gridY="1" name="v73" weight="2" x="1250" y="150">
<entities/>
</vertex>
<vertex gridX="5" gridY="12" name="v74" weight="1" x="550" y="1250">
<entities/>
</vertex>
<vertex gridX="5" gridY="2" name="v75" weight="10" x="550" y="250">
<entities/>
</vertex>
<vertex gridX="1" gridY="9" name="v76" weight="2" x="150" y="950">
<entities/>
</vertex>
<vertex gridX="9" gridY="2" name="v77" weight="5" x="950" y="250">
<entities/>
</vertex>
<vertex gridX="6" gridY="11" name="v78" weight="1" x="650" y="1150">
<entities/>
</vertex>
<vertex dominatorTeam="MAKo_b" gridX="12" gridY="5" name="v79" weight="2" x="1250" y="550">
<entities>
<entity energy="3" health="3" lastAction="attack" lastActionParam="MAKo23" lastActionResult="failed_in_range" maxEnergy="20" maxEnergyDisabled="20" maxHealth="3" name="MAKo_b14" node="v79" roleName="Saboteur" strength="3" team="MAKo_b" visRange="2"/>
<entity energy="1" health="2" lastAction="recharge" lastActionParam="" lastActionResult="failed_random" maxEnergy="20" maxEnergyDisabled="20" maxHealth="3" name="MAKo_b13" node="v79" roleName="Saboteur" strength="3" team="MAKo_b" visRange="2"/>
</entities>
</vertex>
<vertex gridX="10" gridY="13" name="v80" weight="2" x="1050" y="1350">
<entities/>
</vertex>
<vertex gridX="2" gridY="5" name="v81" weight="2" x="250" y="550">
<entities/>
</vertex>
<vertex gridX="9" gridY="12" name="v82" weight="1" x="950" y="1250">
<entities/>
</vertex>
<vertex gridX="6" gridY="2" name="v83" weight="6" x="650" y="250">
<entities/>
</vertex>
<vertex gridX="6" gridY="13" name="v84" weight="1" x="650" y="1350">
<entities/>
</vertex>
<vertex gridX="8" gridY="12" name="v85" weight="1" x="850" y="1250">
<entities/>
</vertex>
<vertex dominatorTeam="MAKo" gridX="11" gridY="0" name="v86" weight="2" x="1150" y="50">
<entities>
<entity energy="8" health="3" lastAction="goto" lastActionParam="v86" lastActionResult="successful" maxEnergy="35" maxEnergyDisabled="35" maxHealth="4" name="MAKo1" node="v86" roleName="Explorer" strength="0" team="MAKo" visRange="2"/>
</entities>
</vertex>
<vertex dominatorTeam="MAKo_b" gridX="6" gridY="7" name="v87" weight="1" x="650" y="750">
<entities>
<entity energy="30" health="1" lastAction="skip" lastActionParam="" lastActionResult="successful" maxEnergy="30" maxEnergyDisabled="30" maxHealth="1" name="MAKo_b22" node="v87" roleName="Sentinel" strength="0" team="MAKo_b" visRange="3"/>
</entities>
</vertex>
<vertex gridX="3" gridY="7" name="v88" weight="10" x="350" y="750">
<entities/>
</vertex>
<vertex gridX="3" gridY="1" name="v89" weight="6" x="350" y="150">
<entities/>
</vertex>
<vertex gridX="12" gridY="6" name="v90" weight="2" x="1250" y="650">
<entities/>
</vertex>
<vertex dominatorTeam="MAKo" gridX="0" gridY="2" name="v91" weight="2" x="50" y="250">
<entities>
<entity energy="30" health="1" lastAction="skip" lastActionParam="" lastActionResult="successful" maxEnergy="30" maxEnergyDisabled="30" maxHealth="1" name="MAKo20" node="v91" roleName="Sentinel" strength="0" team="MAKo" visRange="3"/>
</entities>
</vertex>
<vertex dominatorTeam="MAKo_b" gridX="7" gridY="5" name="v92" weight="1" x="750" y="550">
<entities/>
</vertex>
<vertex gridX="7" gridY="3" name="v93" weight="3" x="750" y="350">
<entities/>
</vertex>
<vertex gridX="3" gridY="4" name="v94" weight="3" x="350" y="450">
<entities/>
</vertex>
<vertex gridX="6" gridY="5" name="v95" weight="1" x="650" y="550">
<entities/>
</vertex>
<vertex gridX="10" gridY="2" name="v96" weight="6" x="1050" y="250">
<entities/>
</vertex>
<vertex dominatorTeam="MAKo" gridX="13" gridY="1" name="v97" weight="2" x="1350" y="150">
<entities>
<entity energy="33" health="3" lastAction="recharge" lastActionParam="" lastActionResult="successful" maxEnergy="35" maxEnergyDisabled="35" maxHealth="4" name="MAKo5" node="v97" roleName="Explorer" strength="0" team="MAKo" visRange="2"/>
</entities>
</vertex>
<vertex gridX="11" gridY="6" name="v98" weight="3" x="1150" y="650">
<entities/>
</vertex>
<vertex gridX="3" gridY="2" name="v99" weight="6" x="350" y="250">
<entities/>
</vertex>
<vertex gridX="2" gridY="12" name="v100" weight="5" x="250" y="1250">
<entities/>
</vertex>
<vertex gridX="4" gridY="5" name="v101" weight="2" x="450" y="550">
<entities/>
</vertex>
<vertex gridX="5" gridY="4" name="v102" weight="1" x="550" y="450">
<entities/>
</vertex>
<vertex dominatorTeam="MAKo" gridX="8" gridY="1" name="v103" weight="4" x="850" y="150">
<entities/>
</vertex>
<vertex gridX="3" gridY="10" name="v104" weight="2" x="350" y="1050">
<entities/>
</vertex>
<vertex dominatorTeam="MAKo" gridX="10" gridY="0" name="v105" weight="3" x="1050" y="50">
<entities>
<entity energy="30" health="1" lastAction="skip" lastActionParam="" lastActionResult="successful" maxEnergy="30" maxEnergyDisabled="30" maxHealth="1" name="MAKo17" node="v105" roleName="Sentinel" strength="0" team="MAKo" visRange="3"/>
</entities>
</vertex>
<vertex dominatorTeam="MAKo" gridX="9" gridY="1" name="v106" weight="4" x="950" y="150">
<entities>
<entity energy="0" health="0" lastAction="goto" lastActionParam="v106" lastActionResult="successful" maxEnergy="25" maxEnergyDisabled="25" maxHealth="6" name="MAKo24" node="v106" roleName="Inspector" strength="0" team="MAKo" visRange="2"/>
<entity energy="17" health="6" lastAction="goto" lastActionParam="v106" lastActionResult="successful" maxEnergy="25" maxEnergyDisabled="25" maxHealth="6" name="MAKo26" node="v106" roleName="Inspector" strength="0" team="MAKo" visRange="2"/>
</entities>
</vertex>
<vertex gridX="13" gridY="12" name="v107" weight="8" x="1350" y="1250">
<entities/>
</vertex>
<vertex gridX="8" gridY="8" name="v108" weight="3" x="850" y="850">
<entities/>
</vertex>
<vertex dominatorTeam="MAKo_b" gridX="9" gridY="5" name="v109" weight="2" x="950" y="550">
<entities/>
</vertex>
<vertex gridX="2" gridY="13" name="v110" weight="6" x="250" y="1350">
<entities/>
</vertex>
<vertex dominatorTeam="MAKo_b" gridX="13" gridY="7" name="v111" weight="2" x="1350" y="750">
<entities/>
</vertex>
<vertex gridX="13" gridY="2" name="v112" weight="2" x="1350" y="250">
<entities/>
</vertex>
<vertex gridX="7" gridY="4" name="v113" weight="1" x="750" y="450">
<entities/>
</vertex>
<vertex dominatorTeam="MAKo_b" gridX="13" gridY="8" name="v114" weight="2" x="1350" y="850">
<entities>
<entity energy="20" health="4" lastAction="goto" lastActionParam="v114" lastActionResult="successful" maxEnergy="35" maxEnergyDisabled="35" maxHealth="4" name="MAKo_b4" node="v114" roleName="Explorer" strength="0" team="MAKo_b" visRange="2"/>
</entities>
</vertex>
<vertex gridX="8" gridY="11" name="v115" weight="1" x="850" y="1150">
<entities/>
</vertex>
<vertex gridX="6" gridY="0" name="v116" weight="3" x="650" y="50">
<entities/>
</vertex>
<vertex gridX="7" gridY="10" name="v117" weight="1" x="750" y="1050">
<entities/>
</vertex>
<vertex gridX="12" gridY="7" name="v118" weight="2" x="1250" y="750">
<entities/>
</vertex>
<vertex gridX="7" gridY="13" name="v119" weight="1" x="750" y="1350">
<entities/>
</vertex>
<vertex gridX="4" gridY="12" name="v120" weight="1" x="450" y="1250">
<entities/>
</vertex>
<vertex gridX="4" gridY="13" name="v121" weight="2" x="450" y="1350">
<entities/>
</vertex>
<vertex gridX="7" gridY="11" name="v122" weight="1" x="750" y="1150">
<entities/>
</vertex>
<vertex dominatorTeam="MAKo" gridX="13" gridY="6" name="v123" weight="2" x="1350" y="650">
<entities>
<entity energy="10" health="4" lastAction="inspect" lastActionParam="MAKo_b13" lastActionResult="successful" maxEnergy="25" maxEnergyDisabled="25" maxHealth="6" name="MAKo23" node="v123" roleName="Inspector" strength="0" team="MAKo" visRange="2"/>
</entities>
</vertex>
<vertex gridX="1" gridY="6" name="v124" weight="2" x="150" y="650">
<entities/>
</vertex>
<vertex gridX="2" gridY="9" name="v125" weight="2" x="250" y="950">
<entities/>
</vertex>
<vertex dominatorTeam="MAKo_b" gridX="7" gridY="7" name="v126" weight="1" x="750" y="750">
<entities/>
</vertex>
<vertex gridX="0" gridY="12" name="v127" weight="8" x="50" y="1250">
<entities/>
</vertex>
<vertex dominatorTeam="MAKo_b" gridX="4" gridY="6" name="v128" weight="2" x="450" y="650">
<entities>
<entity energy="17" health="6" lastAction="goto" lastActionParam="v128" lastActionResult="successful" maxEnergy="25" maxEnergyDisabled="25" maxHealth="6" name="MAKo_b23" node="v128" roleName="Inspector" strength="0" team="MAKo_b" visRange="2"/>
</entities>
</vertex>
<vertex gridX="8" gridY="9" name="v129" weight="1" x="850" y="950">
<entities/>
</vertex>
<vertex dominatorTeam="MAKo" gridX="7" gridY="12" name="v130" weight="1" x="750" y="1250">
<entities>
<entity energy="25" health="2" lastAction="skip" lastActionParam="" lastActionResult="successful" maxEnergy="25" maxEnergyDisabled="25" maxHealth="6" name="MAKo8" node="v130" roleName="Repairer" strength="0" team="MAKo" visRange="1"/>
<entity energy="30" health="1" lastAction="skip" lastActionParam="" lastActionResult="successful" maxEnergy="30" maxEnergyDisabled="30" maxHealth="1" name="MAKo22" node="v130" roleName="Sentinel" strength="0" team="MAKo" visRange="3"/>
</entities>
</vertex>
<vertex gridX="11" gridY="11" name="v131" weight="3" x="1150" y="1150">
<entities/>
</vertex>
<vertex gridX="2" gridY="8" name="v132" weight="3" x="250" y="850">
<entities/>
</vertex>
<vertex gridX="8" gridY="3" name="v133" weight="4" x="850" y="350">
<entities/>
</vertex>
<vertex dominatorTeam="MAKo_b" gridX="9" gridY="4" name="v134" weight="3" x="950" y="450">
<entities>
<entity energy="5" health="3" lastAction="goto" lastActionParam="v134" lastActionResult="successful" maxEnergy="20" maxEnergyDisabled="20" maxHealth="3" name="MAKo_b15" node="v134" roleName="Saboteur" strength="3" team="MAKo_b" visRange="2"/>
</entities>
</vertex>
<vertex dominatorTeam="MAKo" gridX="0" gridY="8" name="v135" weight="2" x="50" y="850">
<entities>
<entity energy="9" health="4" lastAction="goto" lastActionParam="v135" lastActionResult="successful" maxEnergy="35" maxEnergyDisabled="35" maxHealth="4" name="MAKo2" node="v135" roleName="Explorer" strength="0" team="MAKo" visRange="2"/>
</entities>
</vertex>
<vertex gridX="6" gridY="3" name="v136" weight="3" x="650" y="350">
<entities/>
</vertex>
<vertex gridX="2" gridY="2" name="v137" weight="10" x="250" y="250">
<entities/>
</vertex>
<vertex gridX="2" gridY="7" name="v138" weight="3" x="250" y="750">
<entities/>
</vertex>
<vertex gridX="4" gridY="3" name="v139" weight="4" x="450" y="350">
<entities/>
</vertex>
<vertex gridX="1" gridY="5" name="v140" weight="2" x="150" y="550">
<entities/>
</vertex>
<vertex gridX="11" gridY="8" name="v141" weight="3" x="1150" y="850">
<entities/>
</vertex>
<vertex dominatorTeam="MAKo" gridX="0" gridY="1" name="v142" weight="2" x="50" y="150">
<entities>
<entity energy="25" health="6" lastAction="skip" lastActionParam="" lastActionResult="successful" maxEnergy="25" maxEnergyDisabled="25" maxHealth="6" name="MAKo11" node="v142" roleName="Repairer" strength="0" team="MAKo" visRange="1"/>
</entities>
</vertex>
<vertex gridX="10" gridY="6" name="v143" weight="4" x="1050" y="650">
<entities/>
</vertex>
<vertex gridX="6" gridY="1" name="v144" weight="3" x="650" y="150">
<entities/>
</vertex>
<vertex gridX="3" gridY="5" name="v145" weight="2" x="350" y="550">
<entities/>
</vertex>
<vertex gridX="6" gridY="4" name="v146" weight="1" x="650" y="450">
<entities/>
</vertex>
<vertex dominatorTeam="MAKo" gridX="4" gridY="4" name="v147" weight="3" x="450" y="450">
<entities>
<entity energy="9" health="3" lastAction="goto" lastActionParam="v147" lastActionResult="successful" maxEnergy="20" maxEnergyDisabled="20" maxHealth="3" name="MAKo16" node="v147" roleName="Saboteur" strength="3" team="MAKo" visRange="2"/>
<entity energy="4" health="3" lastAction="goto" lastActionParam="v147" lastActionResult="successful" maxEnergy="20" maxEnergyDisabled="20" maxHealth="3" name="MAKo14" node="v147" roleName="Saboteur" strength="3" team="MAKo" visRange="2"/>
<entity energy="12" health="0" lastAction="goto" lastActionParam="v147" lastActionResult="successful" maxEnergy="25" maxEnergyDisabled="25" maxHealth="6" name="MAKo_b27" node="v147" roleName="Inspector" strength="0" team="MAKo_b" visRange="2"/>
</entities>
</vertex>
<vertex gridX="13" gridY="3" name="v148" weight="2" x="1350" y="350">
<entities/>
</vertex>
<vertex dominatorTeam="MAKo" gridX="9" gridY="0" name="v149" weight="3" x="950" y="50">
<entities/>
</vertex>
<vertex dominatorTeam="MAKo_b" gridX="6" gridY="6" name="v150" weight="1" x="650" y="650">
<entities/>
</vertex>
<vertex gridX="1" gridY="0" name="v151" weight="2" x="150" y="50">
<entities/>
</vertex>
<vertex gridX="4" gridY="7" name="v152" weight="4" x="450" y="750">
<entities/>
</vertex>
<vertex dominatorTeam="MAKo_b" gridX="10" gridY="3" name="v153" weight="5" x="1050" y="350">
<entities>
<entity energy="6" health="6" lastAction="inspect" lastActionParam="MAKo27" lastActionResult="failed_in_range" maxEnergy="25" maxEnergyDisabled="25" maxHealth="6" name="MAKo_b26" node="v153" roleName="Inspector" strength="0" team="MAKo_b" visRange="2"/>
</entities>
</vertex>
<vertex gridX="10" gridY="8" name="v154" weight="5" x="1050" y="850">
<entities/>
</vertex>
<vertex gridX="8" gridY="13" name="v155" weight="1" x="850" y="1350">
<entities/>
</vertex>
<vertex gridX="3" gridY="6" name="v156" weight="4" x="350" y="650">
<entities/>
</vertex>
<vertex gridX="12" gridY="11" name="v157" weight="3" x="1250" y="1150">
<entities/>
</vertex>
<vertex gridX="12" gridY="12" name="v158" weight="10" x="1250" y="1250">
<entities/>
</vertex>
<vertex dominatorTeam="MAKo" gridX="13" gridY="0" name="v159" weight="2" x="1350" y="50">
<entities/>
</vertex>
<vertex dominatorTeam="MAKo" gridX="1" gridY="1" name="v160" weight="2" x="150" y="150">
<entities/>
</vertex>
<vertex gridX="9" gridY="8" name="v161" weight="5" x="950" y="850">
<entities/>
</vertex>
<vertex gridX="13" gridY="4" name="v162" weight="2" x="1350" y="450">
<entities/>
</vertex>
<vertex dominatorTeam="MAKo_b" gridX="2" gridY="3" name="v163" weight="4" x="250" y="350">
<entities>
<entity energy="11" health="6" lastAction="goto" lastActionParam="v163" lastActionResult="successful" maxEnergy="25" maxEnergyDisabled="25" maxHealth="6" name="MAKo_b24" node="v163" roleName="Inspector" strength="0" team="MAKo_b" visRange="2"/>
</entities>
</vertex>
<vertex dominatorTeam="MAKo_b" gridX="8" gridY="7" name="v164" weight="2" x="850" y="750">
<entities>
<entity energy="22" health="4" lastAction="recharge" lastActionParam="" lastActionResult="successful" maxEnergy="35" maxEnergyDisabled="35" maxHealth="4" name="MAKo_b2" node="v164" roleName="Explorer" strength="0" team="MAKo_b" visRange="2"/>
</entities>
</vertex>
<vertex gridX="4" gridY="0" name="v165" weight="3" x="450" y="50">
<entities/>
</vertex>
<vertex gridX="10" gridY="10" name="v166" weight="2" x="1050" y="1050">
<entities>
<entity energy="6" health="0" lastAction="recharge" lastActionParam="" lastActionResult="successful" maxEnergy="20" maxEnergyDisabled="20" maxHealth="3" name="MAKo15" node="v166" roleName="Saboteur" strength="3" team="MAKo" visRange="2"/>
</entities>
</vertex>
<vertex gridX="13" gridY="13" name="v167" weight="8" x="1350" y="1350">
<entities/>
</vertex>
<vertex gridX="3" gridY="11" name="v168" weight="1" x="350" y="1150">
<entities/>
</vertex>
<vertex gridX="12" gridY="2" name="v169" weight="3" x="1250" y="250">
<entities/>
</vertex>
<vertex gridX="6" gridY="9" name="v170" weight="1" x="650" y="950">
<entities/>
</vertex>
<vertex gridX="1" gridY="4" name="v171" weight="2" x="150" y="450">
<entities/>
</vertex>
<vertex dominatorTeam="MAKo" gridX="12" gridY="0" name="v172" weight="2" x="1250" y="50">
<entities>
<entity energy="25" health="6" lastAction="recharge" lastActionParam="" lastActionResult="successful" maxEnergy="25" maxEnergyDisabled="25" maxHealth="6" name="MAKo12" node="v172" roleName="Repairer" strength="0" team="MAKo" visRange="1"/>
<entity energy="35" health="4" lastAction="recharge" lastActionParam="" lastActionResult="successful" maxEnergy="35" maxEnergyDisabled="35" maxHealth="4" name="MAKo4" node="v172" roleName="Explorer" strength="0" team="MAKo" visRange="2"/>
</entities>
</vertex>
<vertex gridX="4" gridY="2" name="v173" weight="5" x="450" y="250">
<entities/>
</vertex>
<vertex gridX="5" gridY="3" name="v174" weight="4" x="550" y="350">
<entities/>
</vertex>
<vertex gridX="0" gridY="10" name="v175" weight="3" x="50" y="1050">
<entities/>
</vertex>
<vertex dominatorTeam="MAKo" gridX="1" gridY="2" name="v176" weight="3" x="150" y="250">
<entities/>
</vertex>
<vertex dominatorTeam="MAKo" gridX="1" gridY="7" name="v177" weight="2" x="150" y="750">
<entities>
<entity energy="12" health="4" lastAction="goto" lastActionParam="v177" lastActionResult="successful" maxEnergy="35" maxEnergyDisabled="35" maxHealth="4" name="MAKo6" node="v177" roleName="Explorer" strength="0" team="MAKo" visRange="2"/>
</entities>
</vertex>
<vertex dominatorTeam="MAKo" gridX="11" gridY="3" name="v178" weight="4" x="1150" y="350">
<entities>
<entity energy="11" health="6" lastAction="goto" lastActionParam="v178" lastActionResult="successful" maxEnergy="25" maxEnergyDisabled="25" maxHealth="6" name="MAKo25" node="v178" roleName="Inspector" strength="0" team="MAKo" visRange="2"/>
</entities>
</vertex>
<vertex gridX="0" gridY="6" name="v179" weight="2" x="50" y="650">
<entities/>
</vertex>
<vertex gridX="6" gridY="10" name="v180" weight="1" x="650" y="1050">
<entities/>
</vertex>
<vertex dominatorTeam="MAKo_b" gridX="7" gridY="6" name="v181" weight="1" x="750" y="650">
<entities>
<entity energy="25" health="3" lastAction="skip" lastActionParam="" lastActionResult="successful" maxEnergy="25" maxEnergyDisabled="25" maxHealth="6" name="MAKo_b8" node="v181" roleName="Repairer" strength="0" team="MAKo_b" visRange="1"/>
<entity energy="30" health="1" lastAction="skip" lastActionParam="" lastActionResult="successful" maxEnergy="30" maxEnergyDisabled="30" maxHealth="1" name="MAKo_b20" node="v181" roleName="Sentinel" strength="0" team="MAKo_b" visRange="3"/>
<entity energy="30" health="1" lastAction="skip" lastActionParam="" lastActionResult="successful" maxEnergy="30" maxEnergyDisabled="30" maxHealth="1" name="MAKo_b21" node="v181" roleName="Sentinel" strength="0" team="MAKo_b" visRange="3"/>
<entity energy="15" health="3" lastAction="recharge" lastActionParam="" lastActionResult="successful" maxEnergy="20" maxEnergyDisabled="20" maxHealth="3" name="MAKo_b16" node="v181" roleName="Saboteur" strength="3" team="MAKo_b" visRange="2"/>
<entity energy="12" health="6" lastAction="goto" lastActionParam="v181" lastActionResult="successful" maxEnergy="25" maxEnergyDisabled="25" maxHealth="6" name="MAKo_b25" node="v181" roleName="Inspector" strength="0" team="MAKo_b" visRange="2"/>
</entities>
</vertex>
<vertex gridX="10" gridY="5" name="v182" weight="2" x="1050" y="550">
<entities/>
</vertex>
<vertex dominatorTeam="MAKo_b" gridX="5" gridY="7" name="v183" weight="2" x="550" y="750">
<entities/>
</vertex>
<vertex gridX="9" gridY="7" name="v184" weight="4" x="950" y="750">
<entities/>
</vertex>
<vertex gridX="9" gridY="13" name="v185" weight="2" x="950" y="1350">
<entities/>
</vertex>
<vertex gridX="2" gridY="0" name="v186" weight="2" x="250" y="50">
<entities/>
</vertex>
<vertex gridX="12" gridY="13" name="v187" weight="8" x="1250" y="1350">
<entities/>
</vertex>
<vertex gridX="5" gridY="13" name="v188" weight="1" x="550" y="1350">
<entities/>
</vertex>
<vertex gridX="11" gridY="4" name="v189" weight="2" x="1150" y="450">
<entities/>
</vertex>
<vertex gridX="13" gridY="9" name="v190" weight="2" x="1350" y="950">
<entities/>
</vertex>
<vertex gridX="10" gridY="7" name="v191" weight="10" x="1050" y="750">
<entities/>
</vertex>
<vertex gridX="3" gridY="8" name="v192" weight="5" x="350" y="850">
<entities/>
</vertex>
<vertex gridX="8" gridY="4" name="v193" weight="1" x="850" y="450">
<entities/>
</vertex>
<vertex gridX="8" gridY="2" name="v194" weight="10" x="850" y="250">
<entities/>
</vertex>
<vertex gridX="11" gridY="7" name="v195" weight="3" x="1150" y="750">
<entities/>
</vertex>
</vertices>
<edges>
<edge node1="v20" node2="v88" weight="3"/>
<edge node1="v20" node2="v1" weight="5"/>
<edge node1="v176" node2="v163" weight="5"/>
<edge node1="v176" node2="v14" weight="1"/>
<edge node1="v171" node2="v45" weight="8"/>
<edge node1="v171" node2="v163" weight="4"/>
<edge node1="v171" node2="v14" weight="7"/>
<edge node1="v179" node2="v177" weight="9"/>
<edge node1="v179" node2="v140" weight="1"/>
<edge node1="v125" node2="v57" weight="2"/>
<edge node1="v89" node2="v137" weight="1"/>
<edge node1="v89" node2="v173" weight="2"/>
<edge node1="v61" node2="v58" weight="2"/>
<edge node1="v128" node2="v145" weight="2"/>
<edge node1="v128" node2="v183" weight="8"/>
<edge node1="v128" node2="v51" weight="3"/>
<edge node1="v121" node2="v34" weight="3"/>
<edge node1="v137" node2="v44" weight="6"/>
<edge node1="v74" node2="v84" weight="6"/>
<edge node1="v88" node2="v65" weight="5"/>
<edge node1="v174" node2="v147" weight="4"/>
<edge node1="v174" node2="v173" weight="2"/>
<edge node1="v145" node2="v147" weight="9"/>
<edge node1="v145" node2="v65" weight="5"/>
<edge node1="v145" node2="v50" weight="3"/>
<edge node1="v147" node2="v51" weight="7"/>
<edge node1="v147" node2="v44" weight="3"/>
<edge node1="v1" node2="v132" weight="4"/>
<edge node1="v91" node2="v160" weight="7"/>
<edge node1="v177" node2="v65" weight="7"/>
<edge node1="v177" node2="v132" weight="7"/>
<edge node1="v180" node2="v16" weight="4"/>
<edge node1="v67" node2="v168" weight="3"/>
<edge node1="v67" node2="v16" weight="1"/>
<edge node1="v104" node2="v18" weight="1"/>
<edge node1="v104" node2="v70" weight="1"/>
<edge node1="v188" node2="v120" weight="8"/>
<edge node1="v120" node2="v168" weight="5"/>
<edge node1="v120" node2="v36" weight="9"/>
<edge node1="v150" node2="v183" weight="9"/>
<edge node1="v150" node2="v51" weight="5"/>
<edge node1="v0" node2="v22" weight="1"/>
<edge node1="v146" node2="v51" weight="7"/>
<edge node1="v156" node2="v152" weight="7"/>
<edge node1="v110" node2="v34" weight="3"/>
<edge node1="v110" node2="v58" weight="6"/>
<edge node1="v65" node2="v140" weight="8"/>
<edge node1="v41" node2="v58" weight="8"/>
<edge node1="v18" node2="v33" weight="6"/>
<edge node1="v142" node2="v151" weight="9"/>
<edge node1="v11" node2="v173" weight="7"/>
<edge node1="v11" node2="v116" weight="4"/>
<edge node1="v66" node2="v39" weight="2"/>
<edge node1="v66" node2="v48" weight="8"/>
<edge node1="v57" node2="v70" weight="8"/>
<edge node1="v57" node2="v28" weight="7"/>
<edge node1="v34" node2="v70" weight="9"/>
<edge node1="v39" node2="v72" weight="1"/>
<edge node1="v33" node2="v152" weight="6"/>
<edge node1="v72" node2="v151" weight="5"/>
<edge node1="v140" node2="v50" weight="4"/>
<edge node1="v5" node2="v128" weight="6"/>
<edge node1="v5" node2="v51" weight="8"/>
<edge node1="v101" node2="v128" weight="6"/>
<edge node1="v101" node2="v145" weight="7"/>
<edge node1="v101" node2="v147" weight="7"/>
<edge node1="v101" node2="v51" weight="7"/>
<edge node1="v124" node2="v177" weight="1"/>
<edge node1="v124" node2="v65" weight="4"/>
<edge node1="v124" node2="v140" weight="1"/>
<edge node1="v29" node2="v121" weight="8"/>
<edge node1="v29" node2="v34" weight="1"/>
<edge node1="v15" node2="v176" weight="5"/>
<edge node1="v15" node2="v171" weight="5"/>
<edge node1="v15" node2="v14" weight="7"/>
<edge node1="v165" node2="v66" weight="9"/>
<edge node1="v165" node2="v39" weight="5"/>
<edge node1="v165" node2="v48" weight="8"/>
<edge node1="v99" node2="v137" weight="9"/>
<edge node1="v99" node2="v173" weight="5"/>
<edge node1="v99" node2="v44" weight="7"/>
<edge node1="v192" node2="v20" weight="3"/>
<edge node1="v192" node2="v88" weight="2"/>
<edge node1="v192" node2="v1" weight="9"/>
<edge node1="v192" node2="v132" weight="1"/>
<edge node1="v52" node2="v67" weight="9"/>
<edge node1="v52" node2="v120" weight="8"/>
<edge node1="v52" node2="v168" weight="8"/>
<edge node1="v52" node2="v36" weight="6"/>
<edge node1="v20" node2="v18" weight="7"/>
<edge node1="v20" node2="v33" weight="4"/>
<edge node1="v20" node2="v152" weight="7"/>
<edge node1="v138" node2="v177" weight="4"/>
<edge node1="v138" node2="v65" weight="7"/>
<edge node1="v138" node2="v132" weight="1"/>
<edge node1="v94" node2="v145" weight="1"/>
<edge node1="v94" node2="v50" weight="6"/>
<edge node1="v94" node2="v44" weight="9"/>
<edge node1="v176" node2="v137" weight="4"/>
<edge node1="v176" node2="v91" weight="7"/>
<edge node1="v176" node2="v160" weight="8"/>
<edge node1="v42" node2="v45" weight="2"/>
<edge node1="v42" node2="v14" weight="5"/>
<edge node1="v139" node2="v174" weight="8"/>
<edge node1="v139" node2="v147" weight="6"/>
<edge node1="v139" node2="v173" weight="8"/>
<edge node1="v139" node2="v44" weight="8"/>
<edge node1="v12" node2="v87" weight="7"/>
<edge node1="v171" node2="v140" weight="3"/>
<edge node1="v127" node2="v61" weight="3"/>
<edge node1="v127" node2="v41" weight="1"/>
<edge node1="v127" node2="v58" weight="6"/>
<edge node1="v35" node2="v180" weight="9"/>
<edge node1="v35" node2="v67" weight="2"/>
<edge node1="v35" node2="v36" weight="6"/>
<edge node1="v179" node2="v45" weight="7"/>
<edge node1="v60" node2="v125" weight="8"/>
<edge node1="v60" node2="v104" weight="4"/>
<edge node1="v60" node2="v57" weight="6"/>
<edge node1="v83" node2="v75" weight="6"/>
<edge node1="v83" node2="v136" weight="2"/>
<edge node1="v125" node2="v1" weight="6"/>
<edge node1="v125" node2="v132" weight="8"/>
<edge node1="v89" node2="v66" weight="3"/>
<edge node1="v61" node2="v25" weight="9"/>
<edge node1="v64" node2="v74" weight="8"/>
<edge node1="v64" node2="v84" weight="9"/>
<edge node1="v81" node2="v145" weight="6"/>
<edge node1="v81" node2="v65" weight="7"/>
<edge node1="v81" node2="v140" weight="8"/>
<edge node1="v128" node2="v156" weight="8"/>
<edge node1="v128" node2="v152" weight="9"/>
<edge node1="v121" node2="v188" weight="5"/>
<edge node1="v121" node2="v120" weight="6"/>
<edge node1="v95" node2="v150" weight="1"/>
<edge node1="v95" node2="v146" weight="8"/>
<edge node1="v95" node2="v51" weight="4"/>
<edge node1="v137" node2="v163" weight="8"/>
<edge node1="v137" node2="v72" weight="7"/>
<edge node1="v74" node2="v120" weight="3"/>
<edge node1="v74" node2="v36" weight="6"/>
<edge node1="v100" node2="v110" weight="4"/>
<edge node1="v100" node2="v34" weight="9"/>
<edge node1="v100" node2="v58" weight="9"/>
<edge node1="v100" node2="v70" weight="7"/>
<edge node1="v88" node2="v156" weight="5"/>
<edge node1="v88" node2="v152" weight="5"/>
<edge node1="v76" node2="v57" weight="7"/>
<edge node1="v76" node2="v22" weight="9"/>
<edge node1="v76" node2="v28" weight="9"/>
<edge node1="v78" node2="v180" weight="2"/>
<edge node1="v75" node2="v173" weight="4"/>
<edge node1="v1" node2="v104" weight="7"/>
<edge node1="v1" node2="v18" weight="6"/>
<edge node1="v91" node2="v142" weight="3"/>
<edge node1="v144" node2="v11" weight="1"/>
<edge node1="v144" node2="v116" weight="6"/>
<edge node1="v177" node2="v0" weight="6"/>
<edge node1="v177" node2="v22" weight="9"/>
<edge node1="v180" node2="v170" weight="2"/>
<edge node1="v67" node2="v104" weight="7"/>
<edge node1="v67" node2="v18" weight="1"/>
<edge node1="v104" node2="v168" weight="4"/>
<edge node1="v175" node2="v41" weight="5"/>
<edge node1="v175" node2="v57" weight="9"/>
<edge node1="v175" node2="v28" weight="6"/>
<edge node1="v188" node2="v84" weight="6"/>
<edge node1="v135" node2="v0" weight="2"/>
<edge node1="v150" node2="v87" weight="6"/>
<edge node1="v168" node2="v34" weight="7"/>
<edge node1="v69" node2="v142" weight="9"/>
<edge node1="v69" node2="v151" weight="9"/>
<edge node1="v146" node2="v136" weight="1"/>
<edge node1="v146" node2="v102" weight="4"/>
<edge node1="v156" node2="v65" weight="4"/>
<edge node1="v110" node2="v25" weight="9"/>
<edge node1="v41" node2="v56" weight="2"/>
<edge node1="v142" node2="v160" weight="7"/>
<edge node1="v11" node2="v66" weight="1"/>
<edge node1="v66" node2="v173" weight="9"/>
<edge node1="v57" node2="v56" weight="5"/>
<edge node1="v186" node2="v72" weight="6"/>
<edge node1="v186" node2="v151" weight="8"/>
<edge node1="v48" node2="v116" weight="9"/>
<edge node1="v58" node2="v25" weight="3"/>
<edge node1="v183" node2="v33" weight="7"/>
<edge node1="v183" node2="v87" weight="8"/>
<edge node1="v183" node2="v152" weight="7"/>
<edge node1="v132" node2="v22" weight="1"/>
<edge node1="v160" node2="v72" weight="4"/>
<edge node1="v160" node2="v151" weight="9"/>
<edge node1="v33" node2="v16" weight="1"/>
<edge node1="v170" node2="v16" weight="5"/>
<edge node1="v56" node2="v70" weight="1"/>
<edge node1="v163" node2="v50" weight="3"/>
<edge node1="v163" node2="v44" weight="9"/>
<edge node1="v51" node2="v102" weight="7"/>
<edge node1="v161" node2="v191" weight="3"/>
<edge node1="v161" node2="v27" weight="5"/>
<edge node1="v169" node2="v178" weight="5"/>
<edge node1="v169" node2="v148" weight="1"/>
<edge node1="v40" node2="v31" weight="8"/>
<edge node1="v40" node2="v178" weight="4"/>
<edge node1="v40" node2="v148" weight="7"/>
<edge node1="v123" node2="v118" weight="9"/>
<edge node1="v123" node2="v79" weight="1"/>
<edge node1="v19" node2="v46" weight="2"/>
<edge node1="v21" node2="v2" weight="1"/>
<edge node1="v21" node2="v77" weight="2"/>
<edge node1="v167" node2="v158" weight="2"/>
<edge node1="v71" node2="v182" weight="2"/>
<edge node1="v71" node2="v164" weight="8"/>
<edge node1="v71" node2="v23" weight="3"/>
<edge node1="v185" node2="v54" weight="3"/>
<edge node1="v2" node2="v153" weight="6"/>
<edge node1="v85" node2="v119" weight="6"/>
<edge node1="v191" node2="v98" weight="5"/>
<edge node1="v133" node2="v134" weight="4"/>
<edge node1="v133" node2="v77" weight="2"/>
<edge node1="v182" node2="v134" weight="9"/>
<edge node1="v182" node2="v98" weight="5"/>
<edge node1="v182" node2="v189" weight="3"/>
<edge node1="v134" node2="v23" weight="7"/>
<edge node1="v134" node2="v153" weight="3"/>
<edge node1="v27" node2="v141" weight="4"/>
<edge node1="v112" node2="v73" weight="7"/>
<edge node1="v118" node2="v98" weight="7"/>
<edge node1="v118" node2="v141" weight="7"/>
<edge node1="v117" node2="v129" weight="4"/>
<edge node1="v24" node2="v32" weight="3"/>
<edge node1="v24" node2="v129" weight="1"/>
<edge node1="v166" node2="v7" weight="1"/>
<edge node1="v166" node2="v131" weight="1"/>
<edge node1="v155" node2="v82" weight="8"/>
<edge node1="v82" node2="v32" weight="5"/>
<edge node1="v82" node2="v115" weight="9"/>
<edge node1="v181" node2="v164" weight="9"/>
<edge node1="v181" node2="v23" weight="5"/>
<edge node1="v111" node2="v47" weight="1"/>
<edge node1="v113" node2="v23" weight="7"/>
<edge node1="v143" node2="v184" weight="7"/>
<edge node1="v43" node2="v54" weight="3"/>
<edge node1="v43" node2="v158" weight="6"/>
<edge node1="v98" node2="v79" weight="8"/>
<edge node1="v26" node2="v158" weight="8"/>
<edge node1="v7" node2="v108" weight="6"/>
<edge node1="v97" node2="v172" weight="9"/>
<edge node1="v103" node2="v77" weight="7"/>
<edge node1="v103" node2="v55" weight="4"/>
<edge node1="v106" node2="v105" weight="2"/>
<edge node1="v106" node2="v17" weight="8"/>
<edge node1="v46" node2="v131" weight="8"/>
<edge node1="v46" node2="v190" weight="7"/>
<edge node1="v54" node2="v131" weight="9"/>
<edge node1="v105" node2="v68" weight="1"/>
<edge node1="v108" node2="v184" weight="6"/>
<edge node1="v68" node2="v172" weight="5"/>
<edge node1="v79" node2="v189" weight="4"/>
<edge node1="v9" node2="v71" weight="6"/>
<edge node1="v9" node2="v23" weight="8"/>
<edge node1="v109" node2="v71" weight="6"/>
<edge node1="v109" node2="v182" weight="7"/>
<edge node1="v109" node2="v134" weight="7"/>
<edge node1="v109" node2="v23" weight="7"/>
<edge node1="v90" node2="v118" weight="1"/>
<edge node1="v90" node2="v98" weight="4"/>
<edge node1="v90" node2="v79" weight="1"/>
<edge node1="v80" node2="v185" weight="8"/>
<edge node1="v80" node2="v54" weight="1"/>
<edge node1="v4" node2="v169" weight="5"/>
<edge node1="v4" node2="v40" weight="5"/>
<edge node1="v4" node2="v148" weight="7"/>
<edge node1="v149" node2="v106" weight="9"/>
<edge node1="v149" node2="v105" weight="5"/>
<edge node1="v149" node2="v17" weight="8"/>
<edge node1="v96" node2="v2" weight="9"/>
<edge node1="v96" node2="v77" weight="5"/>
<edge node1="v96" node2="v153" weight="7"/>
<edge node1="v154" node2="v161" weight="3"/>
<edge node1="v154" node2="v191" weight="2"/>
<edge node1="v154" node2="v27" weight="9"/>
<edge node1="v154" node2="v141" weight="1"/>
<edge node1="v62" node2="v24" weight="9"/>
<edge node1="v62" node2="v82" weight="8"/>
<edge node1="v62" node2="v32" weight="8"/>
<edge node1="v62" node2="v115" weight="6"/>
<edge node1="v161" node2="v7" weight="7"/>
<edge node1="v161" node2="v108" weight="4"/>
<edge node1="v161" node2="v184" weight="7"/>
<edge node1="v195" node2="v118" weight="4"/>
<edge node1="v195" node2="v98" weight="7"/>
<edge node1="v195" node2="v141" weight="1"/>
<edge node1="v8" node2="v182" weight="1"/>
<edge node1="v8" node2="v189" weight="6"/>
<edge node1="v8" node2="v153" weight="9"/>
<edge node1="v169" node2="v2" weight="4"/>
<edge node1="v169" node2="v112" weight="7"/>
<edge node1="v169" node2="v73" weight="8"/>
<edge node1="v162" node2="v31" weight="2"/>
<edge node1="v162" node2="v148" weight="5"/>
<edge node1="v37" node2="v133" weight="8"/>
<edge node1="v37" node2="v134" weight="6"/>
<edge node1="v37" node2="v77" weight="8"/>
<edge node1="v37" node2="v153" weight="8"/>
<edge node1="v49" node2="v126" weight="7"/>
<edge node1="v40" node2="v79" weight="3"/>
<edge node1="v107" node2="v167" weight="3"/>
<edge node1="v107" node2="v26" weight="1"/>
<edge node1="v107" node2="v158" weight="6"/>
<edge node1="v3" node2="v117" weight="9"/>
<edge node1="v3" node2="v24" weight="2"/>
<edge node1="v3" node2="v115" weight="6"/>
<edge node1="v123" node2="v31" weight="7"/>
<edge node1="v63" node2="v19" weight="8"/>
<edge node1="v63" node2="v166" weight="4"/>
<edge node1="v63" node2="v46" weight="6"/>
<edge node1="v30" node2="v194" weight="6"/>
<edge node1="v30" node2="v93" weight="2"/>
<edge node1="v19" node2="v27" weight="6"/>
<edge node1="v19" node2="v141" weight="8"/>
<edge node1="v21" node2="v106" weight="3"/>
<edge node1="v167" node2="v187" weight="9"/>
<edge node1="v130" node2="v85" weight="8"/>
<edge node1="v130" node2="v119" weight="9"/>
<edge node1="v38" node2="v182" weight="6"/>
<edge node1="v38" node2="v98" weight="7"/>
<edge node1="v38" node2="v79" weight="8"/>
<edge node1="v71" node2="v143" weight="8"/>
<edge node1="v71" node2="v184" weight="9"/>
<edge node1="v185" node2="v155" weight="5"/>
<edge node1="v185" node2="v82" weight="6"/>
<edge node1="v92" node2="v181" weight="1"/>
<edge node1="v92" node2="v113" weight="8"/>
<edge node1="v92" node2="v23" weight="4"/>
<edge node1="v2" node2="v178" weight="8"/>
<edge node1="v2" node2="v68" weight="7"/>
<edge node1="v85" node2="v82" weight="3"/>
<edge node1="v85" node2="v115" weight="6"/>
<edge node1="v59" node2="v43" weight="4"/>
<edge node1="v59" node2="v54" weight="9"/>
<edge node1="v59" node2="v158" weight="9"/>
<edge node1="v59" node2="v131" weight="7"/>
<edge node1="v191" node2="v143" weight="5"/>
<edge node1="v191" node2="v184" weight="5"/>
<edge node1="v13" node2="v46" weight="7"/>
<edge node1="v13" node2="v47" weight="9"/>
<edge node1="v13" node2="v190" weight="9"/>
<edge node1="v122" node2="v117" weight="2"/>
<edge node1="v194" node2="v77" weight="4"/>
<edge node1="v27" node2="v166" weight="7"/>
<edge node1="v27" node2="v7" weight="6"/>
<edge node1="v112" node2="v97" weight="3"/>
<edge node1="v53" node2="v103" weight="1"/>
<edge node1="v53" node2="v55" weight="6"/>
<edge node1="v118" node2="v111" weight="6"/>
<edge node1="v118" node2="v47" weight="9"/>
<edge node1="v117" node2="v10" weight="2"/>
<edge node1="v24" node2="v166" weight="7"/>
<edge node1="v24" node2="v7" weight="1"/>
<edge node1="v166" node2="v32" weight="4"/>
<edge node1="v6" node2="v26" weight="5"/>
<edge node1="v6" node2="v46" weight="9"/>
<edge node1="v6" node2="v190" weight="6"/>
<edge node1="v155" node2="v119" weight="6"/>
<edge node1="v114" node2="v111" weight="2"/>
<edge node1="v181" node2="v126" weight="6"/>
<edge node1="v32" node2="v54" weight="7"/>
<edge node1="v159" node2="v97" weight="9"/>
<edge node1="v159" node2="v172" weight="9"/>
<edge node1="v113" node2="v93" weight="1"/>
<edge node1="v113" node2="v193" weight="4"/>
<edge node1="v143" node2="v98" weight="4"/>
<edge node1="v43" node2="v187" weight="9"/>
<edge node1="v26" node2="v157" weight="2"/>
<edge node1="v97" node2="v73" weight="7"/>
<edge node1="v103" node2="v106" weight="1"/>
<edge node1="v106" node2="v77" weight="9"/>
<edge node1="v46" node2="v157" weight="5"/>
<edge node1="v86" node2="v68" weight="6"/>
<edge node1="v86" node2="v172" weight="8"/>
<edge node1="v17" node2="v55" weight="9"/>
<edge node1="v158" node2="v187" weight="3"/>
<edge node1="v164" node2="v108" weight="7"/>
<edge node1="v164" node2="v126" weight="8"/>
<edge node1="v164" node2="v184" weight="7"/>
<edge node1="v141" node2="v47" weight="1"/>
<edge node1="v73" node2="v68" weight="4"/>
<edge node1="v73" node2="v172" weight="9"/>
<edge node1="v108" node2="v129" weight="1"/>
<edge node1="v10" node2="v129" weight="5"/>
<edge node1="v157" node2="v131" weight="1"/>
<edge node1="v178" node2="v189" weight="3"/>
<edge node1="v178" node2="v153" weight="9"/>
<edge node1="v23" node2="v193" weight="7"/>
<edge node1="v116" node2="v55" weight="1"/>
<edge node1="v144" node2="v53" weight="9"/>
<edge node1="v83" node2="v30" weight="7"/>
<edge node1="v136" node2="v93" weight="9"/>
<edge node1="v146" node2="v113" weight="2"/>
<edge node1="v95" node2="v92" weight="9"/>
<edge node1="v150" node2="v181" weight="5"/>
<edge node1="v87" node2="v126" weight="2"/>
<edge node1="v12" node2="v49" weight="6"/>
<edge node1="v170" node2="v10" weight="8"/>
<edge node1="v180" node2="v117" weight="5"/>
<edge node1="v78" node2="v122" weight="1"/>
<edge node1="v64" node2="v130" weight="5"/>
<edge node1="v84" node2="v119" weight="7"/>
</edges>
<teams>
<team achievementPoints="30" name="MAKo" score="8127" stepScore="77" usedAchievementPoints="20" zonesScore="47">
<achievements>
<achievement name="proved5"/>
<achievement name="proved10"/>
<achievement name="proved20"/>
<achievement name="proved40"/>
<achievement name="proved80"/>
<achievement name="proved160"/>
<achievement name="surveyed10"/>
<achievement name="surveyed20"/>
<achievement name="surveyed40"/>
<achievement name="surveyed80"/>
<achievement name="surveyed160"/>
<achievement name="surveyed320"/>
<achievement name="inspected5"/>
<achievement name="inspected10"/>
<achievement name="inspected20"/>
<achievement name="attacked5"/>
<achievement name="attacked10"/>
<achievement name="attacked20"/>
<achievement name="attacked40"/>
<achievement name="attacked80"/>
<achievement name="parried5"/>
<achievement name="parried10"/>
<achievement name="area10"/>
<achievement name="area20"/>
<achievement name="area40"/>
</achievements>
<provedNodes>
<node name="v188"/>
<node name="v187"/>
<node name="v186"/>
<node name="v185"/>
<node name="v189"/>
<node name="v180"/>
<node name="v184"/>
<node name="v183"/>
<node name="v182"/>
<node name="v181"/>
<node name="v56"/>
<node name="v55"/>
<node name="v54"/>
<node name="v53"/>
<node name="v52"/>
<node name="v51"/>
<node name="v50"/>
<node name="v59"/>
<node name="v58"/>
<node name="v57"/>
<node name="v175"/>
<node name="v174"/>
<node name="v177"/>
<node name="v176"/>
<node name="v179"/>
<node name="v178"/>
<node name="v171"/>
<node name="v170"/>
<node name="v173"/>
<node name="v172"/>
<node name="v102"/>
<node name="v65"/>
<node name="v101"/>
<node name="v64"/>
<node name="v104"/>
<node name="v67"/>
<node name="v66"/>
<node name="v103"/>
<node name="v61"/>
<node name="v60"/>
<node name="v100"/>
<node name="v63"/>
<node name="v62"/>
<node name="v69"/>
<node name="v68"/>
<node name="v107"/>
<node name="v108"/>
<node name="v105"/>
<node name="v106"/>
<node name="v70"/>
<node name="v109"/>
<node name="v111"/>
<node name="v74"/>
<node name="v73"/>
<node name="v110"/>
<node name="v72"/>
<node name="v71"/>
<node name="v78"/>
<node name="v115"/>
<node name="v114"/>
<node name="v77"/>
<node name="v113"/>
<node name="v76"/>
<node name="v75"/>
<node name="v112"/>
<node name="v79"/>
<node name="v193"/>
<node name="v116"/>
<node name="v192"/>
<node name="v117"/>
<node name="v118"/>
<node name="v195"/>
<node name="v194"/>
<node name="v119"/>
<node name="v80"/>
<node name="v191"/>
<node name="v81"/>
<node name="v190"/>
<node name="v83"/>
<node name="v120"/>
<node name="v82"/>
<node name="v122"/>
<node name="v85"/>
<node name="v84"/>
<node name="v121"/>
<node name="v124"/>
<node name="v87"/>
<node name="v7"/>
<node name="v123"/>
<node name="v6"/>
<node name="v9"/>
<node name="v126"/>
<node name="v89"/>
<node name="v8"/>
<node name="v88"/>
<node name="v125"/>
<node name="v1"/>
<node name="v0"/>
<node name="v5"/>
<node name="v140"/>
<node name="v4"/>
<node name="v3"/>
<node name="v2"/>
<node name="v143"/>
<node name="v144"/>
<node name="v141"/>
<node name="v142"/>
<node name="v147"/>
<node name="v148"/>
<node name="v145"/>
<node name="v146"/>
<node name="v19"/>
<node name="v17"/>
<node name="v139"/>
<node name="v138"/>
<node name="v18"/>
<node name="v15"/>
<node name="v16"/>
<node name="v13"/>
<node name="v14"/>
<node name="v11"/>
<node name="v12"/>
<node name="v10"/>
<node name="v93"/>
<node name="v130"/>
<node name="v94"/>
<node name="v131"/>
<node name="v95"/>
<node name="v132"/>
<node name="v133"/>
<node name="v96"/>
<node name="v97"/>
<node name="v134"/>
<node name="v98"/>
<node name="v136"/>
<node name="v99"/>
<node name="v137"/>
<node name="v128"/>
<node name="v28"/>
<node name="v29"/>
<node name="v127"/>
<node name="v129"/>
<node name="v90"/>
<node name="v24"/>
<node name="v25"/>
<node name="v92"/>
<node name="v26"/>
<node name="v91"/>
<node name="v27"/>
<node name="v20"/>
<node name="v21"/>
<node name="v22"/>
<node name="v23"/>
<node name="v161"/>
<node name="v162"/>
<node name="v160"/>
<node name="v169"/>
<node name="v167"/>
<node name="v168"/>
<node name="v165"/>
<node name="v166"/>
<node name="v163"/>
<node name="v164"/>
<node name="v37"/>
<node name="v38"/>
<node name="v35"/>
<node name="v36"/>
<node name="v39"/>
<node name="v30"/>
<node name="v33"/>
<node name="v34"/>
<node name="v31"/>
<node name="v32"/>
<node name="v150"/>
<node name="v151"/>
<node name="v156"/>
<node name="v157"/>
<node name="v158"/>
<node name="v152"/>
<node name="v153"/>
<node name="v154"/>
<node name="v155"/>
<node name="v46"/>
<node name="v47"/>
<node name="v48"/>
<node name="v49"/>
<node name="v149"/>
<node name="v40"/>
<node name="v41"/>
<node name="v42"/>
<node name="v43"/>
<node name="v44"/>
<node name="v45"/>
</provedNodes>
</team>
<team achievementPoints="30" name="MAKo_b" score="7777" stepScore="74" usedAchievementPoints="20" zonesScore="44">
<achievements>
<achievement name="proved5"/>
<achievement name="proved10"/>
<achievement name="proved20"/>
<achievement name="proved40"/>
<achievement name="proved80"/>
<achievement name="proved160"/>
<achievement name="surveyed10"/>
<achievement name="surveyed20"/>
<achievement name="surveyed40"/>
<achievement name="surveyed80"/>
<achievement name="surveyed160"/>
<achievement name="surveyed320"/>
<achievement name="inspected5"/>
<achievement name="inspected10"/>
<achievement name="inspected20"/>
<achievement name="attacked5"/>
<achievement name="attacked10"/>
<achievement name="attacked20"/>
<achievement name="attacked40"/>
<achievement name="attacked80"/>
<achievement name="parried5"/>
<achievement name="parried10"/>
<achievement name="area10"/>
<achievement name="area20"/>
<achievement name="area40"/>
</achievements>
<provedNodes>
<node name="v188"/>
<node name="v187"/>
<node name="v186"/>
<node name="v189"/>
<node name="v180"/>
<node name="v184"/>
<node name="v183"/>
<node name="v182"/>
<node name="v181"/>
<node name="v56"/>
<node name="v55"/>
<node name="v54"/>
<node name="v53"/>
<node name="v52"/>
<node name="v51"/>
<node name="v50"/>
<node name="v59"/>
<node name="v58"/>
<node name="v57"/>
<node name="v175"/>
<node name="v174"/>
<node name="v177"/>
<node name="v176"/>
<node name="v179"/>
<node name="v178"/>
<node name="v171"/>
<node name="v170"/>
<node name="v173"/>
<node name="v172"/>
<node name="v102"/>
<node name="v65"/>
<node name="v64"/>
<node name="v101"/>
<node name="v67"/>
<node name="v104"/>
<node name="v103"/>
<node name="v66"/>
<node name="v61"/>
<node name="v60"/>
<node name="v63"/>
<node name="v100"/>
<node name="v62"/>
<node name="v69"/>
<node name="v68"/>
<node name="v107"/>
<node name="v108"/>
<node name="v105"/>
<node name="v106"/>
<node name="v70"/>
<node name="v109"/>
<node name="v111"/>
<node name="v74"/>
<node name="v73"/>
<node name="v110"/>
<node name="v72"/>
<node name="v71"/>
<node name="v115"/>
<node name="v78"/>
<node name="v77"/>
<node name="v113"/>
<node name="v76"/>
<node name="v75"/>
<node name="v112"/>
<node name="v79"/>
<node name="v116"/>
<node name="v193"/>
<node name="v117"/>
<node name="v192"/>
<node name="v118"/>
<node name="v195"/>
<node name="v194"/>
<node name="v191"/>
<node name="v81"/>
<node name="v83"/>
<node name="v120"/>
<node name="v122"/>
<node name="v84"/>
<node name="v121"/>
<node name="v87"/>
<node name="v7"/>
<node name="v124"/>
<node name="v86"/>
<node name="v123"/>
<node name="v89"/>
<node name="v9"/>
<node name="v126"/>
<node name="v88"/>
<node name="v8"/>
<node name="v125"/>
<node name="v1"/>
<node name="v0"/>
<node name="v5"/>
<node name="v4"/>
<node name="v140"/>
<node name="v3"/>
<node name="v2"/>
<node name="v143"/>
<node name="v144"/>
<node name="v141"/>
<node name="v142"/>
<node name="v147"/>
<node name="v148"/>
<node name="v145"/>
<node name="v146"/>
<node name="v19"/>
<node name="v17"/>
<node name="v139"/>
<node name="v18"/>
<node name="v138"/>
<node name="v15"/>
<node name="v16"/>
<node name="v14"/>
<node name="v11"/>
<node name="v12"/>
<node name="v10"/>
<node name="v130"/>
<node name="v93"/>
<node name="v94"/>
<node name="v131"/>
<node name="v95"/>
<node name="v132"/>
<node name="v96"/>
<node name="v133"/>
<node name="v97"/>
<node name="v134"/>
<node name="v98"/>
<node name="v135"/>
<node name="v136"/>
<node name="v99"/>
<node name="v137"/>
<node name="v128"/>
<node name="v28"/>
<node name="v29"/>
<node name="v127"/>
<node name="v129"/>
<node name="v24"/>
<node name="v90"/>
<node name="v25"/>
<node name="v92"/>
<node name="v26"/>
<node name="v91"/>
<node name="v27"/>
<node name="v20"/>
<node name="v21"/>
<node name="v22"/>
<node name="v23"/>
<node name="v161"/>
<node name="v162"/>
<node name="v160"/>
<node name="v169"/>
<node name="v167"/>
<node name="v168"/>
<node name="v165"/>
<node name="v166"/>
<node name="v163"/>
<node name="v164"/>
<node name="v37"/>
<node name="v38"/>
<node name="v35"/>
<node name="v36"/>
<node name="v39"/>
<node name="v30"/>
<node name="v33"/>
<node name="v34"/>
<node name="v31"/>
<node name="v32"/>
<node name="v150"/>
<node name="v151"/>
<node name="v156"/>
<node name="v157"/>
<node name="v158"/>
<node name="v159"/>
<node name="v152"/>
<node name="v153"/>
<node name="v154"/>
<node name="v46"/>
<node name="v47"/>
<node name="v48"/>
<node name="v49"/>
<node name="v149"/>
<node name="v40"/>
<node name="v41"/>
<node name="v42"/>
<node name="v43"/>
<node name="v44"/>
<node name="v45"/>
</provedNodes>
</team>
</teams>
</state>
</simulationstate>
