<?xml version="1.0" encoding="UTF-8"?><simulationstate status="running">
<state number-of-steps="null" simulation="Mars2014 Qualification I_MAKoA_2014-tournament-sim1" step="61">
<vertices>
<vertex gridX="10" gridY="4" name="v0" weight="2" x="1050" y="450">
<entities/>
</vertex>
<vertex gridX="1" gridY="10" name="v1" weight="1" x="150" y="1050">
<entities/>
</vertex>
<vertex gridX="12" gridY="2" name="v2" weight="1" x="1250" y="250">
<entities/>
</vertex>
<vertex gridX="8" gridY="23" name="v3" weight="1" x="850" y="2350">
<entities/>
</vertex>
<vertex gridX="6" gridY="17" name="v4" weight="1" x="650" y="1750">
<entities/>
</vertex>
<vertex gridX="5" gridY="2" name="v5" weight="2" x="550" y="250">
<entities/>
</vertex>
<vertex gridX="11" gridY="9" name="v6" weight="10" x="1150" y="950">
<entities/>
</vertex>
<vertex gridX="4" gridY="11" name="v7" weight="1" x="450" y="1150">
<entities/>
</vertex>
<vertex gridX="9" gridY="15" name="v8" weight="5" x="950" y="1550">
<entities/>
</vertex>
<vertex gridX="16" gridY="10" name="v9" weight="6" x="1650" y="1050">
<entities/>
</vertex>
<vertex gridX="7" gridY="9" name="v10" weight="4" x="750" y="950">
<entities/>
</vertex>
<vertex gridX="4" gridY="16" name="v11" weight="1" x="450" y="1650">
<entities/>
</vertex>
<vertex gridX="9" gridY="0" name="v12" weight="3" x="950" y="50">
<entities/>
</vertex>
<vertex gridX="12" gridY="4" name="v13" weight="2" x="1250" y="450">
<entities/>
</vertex>
<vertex gridX="17" gridY="19" name="v14" weight="2" x="1750" y="1950">
<entities/>
</vertex>
<vertex gridX="13" gridY="14" name="v15" weight="10" x="1350" y="1450">
<entities>
<entity energy="22" health="0" lastAction="recharge" lastActionParam="" lastActionResult="successful" maxEnergy="37" maxEnergyDisabled="36" maxHealth="4" name="a4" node="v15" roleName="Explorer" strength="0" team="A" visRange="2"/>
</entities>
</vertex>
<vertex gridX="23" gridY="0" name="v16" weight="4" x="2350" y="50">
<entities/>
</vertex>
<vertex dominatorTeam="MAKo" gridX="9" gridY="3" name="v17" weight="2" x="950" y="350">
<entities>
<entity energy="9" health="0" lastAction="survey" lastActionParam="" lastActionResult="failed_status" maxEnergy="30" maxEnergyDisabled="30" maxHealth="1" name="a21" node="v17" roleName="Sentinel" strength="0" team="A" visRange="3"/>
<entity energy="13" health="3" lastAction="recharge" lastActionParam="" lastActionResult="successful" maxEnergy="20" maxEnergyDisabled="20" maxHealth="3" name="MAKo14" node="v17" roleName="Saboteur" strength="3" team="MAKo" visRange="2"/>
</entities>
</vertex>
<vertex gridX="24" gridY="9" name="v18" weight="3" x="2450" y="950">
<entities/>
</vertex>
<vertex gridX="16" gridY="22" name="v19" weight="1" x="1650" y="2250">
<entities/>
</vertex>
<vertex gridX="21" gridY="20" name="v20" weight="1" x="2150" y="2050">
<entities/>
</vertex>
<vertex dominatorTeam="MAKo" gridX="12" gridY="11" name="v21" weight="7" x="1250" y="1150">
<entities>
<entity energy="25" health="6" lastAction="skip" lastActionParam="" lastActionResult="successful" maxEnergy="25" maxEnergyDisabled="25" maxHealth="6" name="MAKo9" node="v21" roleName="Repairer" strength="0" team="MAKo" visRange="1"/>
</entities>
</vertex>
<vertex dominatorTeam="MAKo" gridX="9" gridY="21" name="v22" weight="2" x="950" y="2150">
<entities>
<entity energy="18" health="4" lastAction="probe" lastActionParam="" lastActionResult="successful" maxEnergy="35" maxEnergyDisabled="35" maxHealth="4" name="MAKo5" node="v22" roleName="Explorer" strength="0" team="MAKo" visRange="2"/>
</entities>
</vertex>
<vertex gridX="24" gridY="13" name="v23" weight="1" x="2450" y="1350">
<entities/>
</vertex>
<vertex gridX="19" gridY="17" name="v24" weight="1" x="1950" y="1750">
<entities/>
</vertex>
<vertex dominatorTeam="A" gridX="21" gridY="16" name="v25" weight="1" x="2150" y="1650">
<entities/>
</vertex>
<vertex gridX="25" gridY="6" name="v26" weight="2" x="2550" y="650">
<entities/>
</vertex>
<vertex gridX="22" gridY="9" name="v27" weight="2" x="2250" y="950">
<entities/>
</vertex>
<vertex gridX="1" gridY="25" name="v28" weight="1" x="150" y="2550">
<entities/>
</vertex>
<vertex gridX="9" gridY="16" name="v29" weight="2" x="950" y="1650">
<entities/>
</vertex>
<vertex gridX="21" gridY="0" name="v30" weight="3" x="2150" y="50">
<entities/>
</vertex>
<vertex gridX="9" gridY="22" name="v31" weight="1" x="950" y="2250">
<entities/>
</vertex>
<vertex gridX="11" gridY="20" name="v32" weight="1" x="1150" y="2050">
<entities/>
</vertex>
<vertex gridX="16" gridY="23" name="v33" weight="1" x="1650" y="2350">
<entities/>
</vertex>
<vertex gridX="1" gridY="21" name="v34" weight="1" x="150" y="2150">
<entities/>
</vertex>
<vertex gridX="0" gridY="6" name="v35" weight="2" x="50" y="650">
<entities/>
</vertex>
<vertex gridX="23" gridY="16" name="v36" weight="1" x="2350" y="1650">
<entities/>
</vertex>
<vertex dominatorTeam="MAKo" gridX="5" gridY="5" name="v37" weight="3" x="550" y="550">
<entities>
<entity energy="25" health="6" lastAction="skip" lastActionParam="" lastActionResult="successful" maxEnergy="25" maxEnergyDisabled="25" maxHealth="6" name="MAKo24" node="v37" roleName="Inspector" strength="0" team="MAKo" visRange="2"/>
</entities>
</vertex>
<vertex gridX="19" gridY="1" name="v38" weight="2" x="1950" y="150">
<entities>
<entity energy="14" health="0" lastAction="survey" lastActionParam="" lastActionResult="failed_status" maxEnergy="30" maxEnergyDisabled="30" maxHealth="1" name="a20" node="v38" roleName="Sentinel" strength="0" team="A" visRange="3"/>
</entities>
</vertex>
<vertex dominatorTeam="MAKo" gridX="7" gridY="4" name="v39" weight="2" x="750" y="450">
<entities/>
</vertex>
<vertex gridX="25" gridY="17" name="v40" weight="1" x="2550" y="1750">
<entities/>
</vertex>
<vertex gridX="23" gridY="14" name="v41" weight="1" x="2350" y="1450">
<entities/>
</vertex>
<vertex gridX="21" gridY="12" name="v42" weight="1" x="2150" y="1250">
<entities/>
</vertex>
<vertex gridX="4" gridY="20" name="v43" weight="1" x="450" y="2050">
<entities/>
</vertex>
<vertex gridX="13" gridY="1" name="v44" weight="1" x="1350" y="150">
<entities/>
</vertex>
<vertex gridX="11" gridY="7" name="v45" weight="3" x="1150" y="750">
<entities/>
</vertex>
<vertex gridX="6" gridY="18" name="v46" weight="1" x="650" y="1850">
<entities/>
</vertex>
<vertex gridX="10" gridY="24" name="v47" weight="1" x="1050" y="2450">
<entities>
<entity energy="6" health="0" lastAction="attack" lastActionParam="MAKo2" lastActionResult="failed_status" maxEnergy="20" maxEnergyDisabled="20" maxHealth="3" name="a15" node="v47" roleName="Saboteur" strength="3" team="A" visRange="1"/>
</entities>
</vertex>
<vertex gridX="14" gridY="24" name="v48" weight="1" x="1450" y="2450">
<entities/>
</vertex>
<vertex gridX="11" gridY="0" name="v49" weight="2" x="1150" y="50">
<entities/>
</vertex>
<vertex gridX="24" gridY="2" name="v50" weight="2" x="2450" y="250">
<entities/>
</vertex>
<vertex gridX="14" gridY="2" name="v51" weight="1" x="1450" y="250">
<entities/>
</vertex>
<vertex gridX="24" gridY="18" name="v52" weight="1" x="2450" y="1850">
<entities/>
</vertex>
<vertex gridX="11" gridY="8" name="v53" weight="7" x="1150" y="850">
<entities/>
</vertex>
<vertex dominatorTeam="MAKo" gridX="13" gridY="19" name="v54" weight="1" x="1350" y="1950">
<entities>
<entity energy="12" health="1" lastAction="goto" lastActionParam="v54" lastActionResult="successful" maxEnergy="30" maxEnergyDisabled="30" maxHealth="1" name="MAKo19" node="v54" roleName="Sentinel" strength="0" team="MAKo" visRange="3"/>
</entities>
</vertex>
<vertex gridX="9" gridY="14" name="v55" weight="10" x="950" y="1450">
<entities/>
</vertex>
<vertex gridX="25" gridY="9" name="v56" weight="2" x="2550" y="950">
<entities/>
</vertex>
<vertex gridX="15" gridY="6" name="v57" weight="3" x="1550" y="650">
<entities/>
</vertex>
<vertex gridX="5" gridY="1" name="v58" weight="2" x="550" y="150">
<entities/>
</vertex>
<vertex gridX="21" gridY="8" name="v59" weight="6" x="2150" y="850">
<entities/>
</vertex>
<vertex gridX="25" gridY="24" name="v60" weight="1" x="2550" y="2450">
<entities/>
</vertex>
<vertex gridX="3" gridY="7" name="v61" weight="4" x="350" y="750">
<entities/>
</vertex>
<vertex gridX="6" gridY="24" name="v62" weight="1" x="650" y="2450">
<entities>
<entity energy="0" health="0" lastAction="goto" lastActionParam="v244" lastActionResult="failed_resources" maxEnergy="25" maxEnergyDisabled="25" maxHealth="6" name="a11" node="v62" roleName="Repairer" strength="0" team="A" visRange="1"/>
</entities>
</vertex>
<vertex gridX="4" gridY="25" name="v63" weight="1" x="450" y="2550">
<entities/>
</vertex>
<vertex gridX="12" gridY="20" name="v64" weight="1" x="1250" y="2050">
<entities/>
</vertex>
<vertex gridX="14" gridY="21" name="v65" weight="1" x="1450" y="2150">
<entities/>
</vertex>
<vertex gridX="6" gridY="2" name="v66" weight="2" x="650" y="250">
<entities/>
</vertex>
<vertex gridX="15" gridY="7" name="v67" weight="10" x="1550" y="750">
<entities/>
</vertex>
<vertex gridX="12" gridY="3" name="v68" weight="1" x="1250" y="350">
<entities/>
</vertex>
<vertex gridX="6" gridY="14" name="v69" weight="1" x="650" y="1450">
<entities/>
</vertex>
<vertex gridX="21" gridY="14" name="v70" weight="1" x="2150" y="1450">
<entities/>
</vertex>
<vertex gridX="12" gridY="15" name="v71" weight="2" x="1250" y="1550">
<entities/>
</vertex>
<vertex gridX="8" gridY="1" name="v72" weight="10" x="850" y="150">
<entities/>
</vertex>
<vertex gridX="16" gridY="6" name="v73" weight="3" x="1650" y="650">
<entities/>
</vertex>
<vertex gridX="24" gridY="19" name="v74" weight="1" x="2450" y="1950">
<entities/>
</vertex>
<vertex gridX="0" gridY="17" name="v75" weight="1" x="50" y="1750">
<entities/>
</vertex>
<vertex gridX="6" gridY="19" name="v76" weight="2" x="650" y="1950">
<entities/>
</vertex>
<vertex gridX="10" gridY="1" name="v77" weight="2" x="1050" y="150">
<entities/>
</vertex>
<vertex gridX="20" gridY="3" name="v78" weight="2" x="2050" y="350">
<entities/>
</vertex>
<vertex gridX="6" gridY="23" name="v79" weight="1" x="650" y="2350">
<entities/>
</vertex>
<vertex gridX="21" gridY="6" name="v80" weight="6" x="2150" y="650">
<entities/>
</vertex>
<vertex gridX="17" gridY="1" name="v81" weight="10" x="1750" y="150">
<entities/>
</vertex>
<vertex gridX="21" gridY="1" name="v82" weight="3" x="2150" y="150">
<entities/>
</vertex>
<vertex gridX="10" gridY="16" name="v83" weight="3" x="1050" y="1650">
<entities/>
</vertex>
<vertex dominatorTeam="MAKo" gridX="5" gridY="6" name="v84" weight="4" x="550" y="650">
<entities/>
</vertex>
<vertex dominatorTeam="A" gridX="17" gridY="15" name="v85" weight="2" x="1750" y="1550">
<entities>
<entity energy="17" health="6" lastAction="inspect" lastActionParam="" lastActionResult="successful" maxEnergy="29" maxEnergyDisabled="27" maxHealth="6" name="a23" node="v85" roleName="Inspector" strength="0" team="A" visRange="1"/>
</entities>
</vertex>
<vertex dominatorTeam="A" gridX="21" gridY="18" name="v86" weight="1" x="2150" y="1850">
<entities>
<entity energy="29" health="6" lastAction="recharge" lastActionParam="" lastActionResult="successful" maxEnergy="29" maxEnergyDisabled="27" maxHealth="6" name="a25" node="v86" roleName="Inspector" strength="0" team="A" visRange="1"/>
</entities>
</vertex>
<vertex gridX="9" gridY="18" name="v87" weight="2" x="950" y="1850">
<entities/>
</vertex>
<vertex dominatorTeam="A" gridX="22" gridY="17" name="v88" weight="1" x="2250" y="1750">
<entities>
<entity energy="29" health="1" lastAction="survey" lastActionParam="" lastActionResult="successful" maxEnergy="30" maxEnergyDisabled="30" maxHealth="1" name="a17" node="v88" roleName="Sentinel" strength="0" team="A" visRange="3"/>
</entities>
</vertex>
<vertex gridX="3" gridY="14" name="v89" weight="1" x="350" y="1450">
<entities/>
</vertex>
<vertex gridX="10" gridY="19" name="v90" weight="1" x="1050" y="1950">
<entities/>
</vertex>
<vertex gridX="17" gridY="22" name="v91" weight="2" x="1750" y="2250">
<entities/>
</vertex>
<vertex gridX="3" gridY="11" name="v92" weight="1" x="350" y="1150">
<entities/>
</vertex>
<vertex gridX="16" gridY="25" name="v93" weight="1" x="1650" y="2550">
<entities/>
</vertex>
<vertex gridX="19" gridY="16" name="v94" weight="1" x="1950" y="1650">
<entities/>
</vertex>
<vertex gridX="25" gridY="13" name="v95" weight="1" x="2550" y="1350">
<entities/>
</vertex>
<vertex gridX="24" gridY="10" name="v96" weight="1" x="2450" y="1050">
<entities/>
</vertex>
<vertex gridX="4" gridY="12" name="v97" weight="1" x="450" y="1250">
<entities/>
</vertex>
<vertex gridX="24" gridY="17" name="v98" weight="1" x="2450" y="1750">
<entities/>
</vertex>
<vertex gridX="13" gridY="4" name="v99" weight="2" x="1350" y="450">
<entities/>
</vertex>
<vertex gridX="8" gridY="19" name="v100" weight="2" x="850" y="1950">
<entities/>
</vertex>
<vertex gridX="23" gridY="25" name="v101" weight="1" x="2350" y="2550">
<entities/>
</vertex>
<vertex dominatorTeam="MAKo" gridX="22" gridY="13" name="v102" weight="1" x="2250" y="1350">
<entities>
<entity energy="15" health="4" lastAction="goto" lastActionParam="v102" lastActionResult="successful" maxEnergy="35" maxEnergyDisabled="35" maxHealth="4" name="MAKo3" node="v102" roleName="Explorer" strength="0" team="MAKo" visRange="2"/>
</entities>
</vertex>
<vertex gridX="12" gridY="8" name="v103" weight="8" x="1250" y="850">
<entities/>
</vertex>
<vertex gridX="17" gridY="9" name="v104" weight="7" x="1750" y="950">
<entities/>
</vertex>
<vertex gridX="3" gridY="17" name="v105" weight="1" x="350" y="1750">
<entities/>
</vertex>
<vertex gridX="20" gridY="16" name="v106" weight="1" x="2050" y="1650">
<entities/>
</vertex>
<vertex gridX="9" gridY="11" name="v107" weight="6" x="950" y="1150">
<entities/>
</vertex>
<vertex gridX="16" gridY="3" name="v108" weight="2" x="1650" y="350">
<entities/>
</vertex>
<vertex gridX="5" gridY="19" name="v109" weight="1" x="550" y="1950">
<entities/>
</vertex>
<vertex gridX="22" gridY="7" name="v110" weight="4" x="2250" y="750">
<entities/>
</vertex>
<vertex gridX="15" gridY="25" name="v111" weight="1" x="1550" y="2550">
<entities/>
</vertex>
<vertex gridX="4" gridY="0" name="v112" weight="3" x="450" y="50">
<entities/>
</vertex>
<vertex gridX="10" gridY="20" name="v113" weight="2" x="1050" y="2050">
<entities/>
</vertex>
<vertex gridX="0" gridY="20" name="v114" weight="1" x="50" y="2050">
<entities/>
</vertex>
<vertex gridX="17" gridY="23" name="v115" weight="1" x="1750" y="2350">
<entities/>
</vertex>
<vertex gridX="12" gridY="6" name="v116" weight="2" x="1250" y="650">
<entities/>
</vertex>
<vertex gridX="20" gridY="17" name="v117" weight="1" x="2050" y="1750">
<entities/>
</vertex>
<vertex gridX="20" gridY="12" name="v118" weight="1" x="2050" y="1250">
<entities/>
</vertex>
<vertex gridX="16" gridY="7" name="v119" weight="5" x="1650" y="750">
<entities/>
</vertex>
<vertex gridX="19" gridY="23" name="v120" weight="1" x="1950" y="2350">
<entities/>
</vertex>
<vertex gridX="14" gridY="23" name="v121" weight="1" x="1450" y="2350">
<entities>
<entity energy="31" health="0" lastAction="recharge" lastActionParam="" lastActionResult="successful" maxEnergy="32" maxEnergyDisabled="31" maxHealth="1" name="a19" node="v121" roleName="Sentinel" strength="0" team="A" visRange="3"/>
</entities>
</vertex>
<vertex gridX="17" gridY="24" name="v122" weight="1" x="1750" y="2450">
<entities/>
</vertex>
<vertex gridX="11" gridY="13" name="v123" weight="6" x="1150" y="1350">
<entities/>
</vertex>
<vertex dominatorTeam="MAKo" gridX="12" gridY="10" name="v124" weight="7" x="1250" y="1050">
<entities/>
</vertex>
<vertex gridX="22" gridY="20" name="v125" weight="1" x="2250" y="2050">
<entities/>
</vertex>
<vertex gridX="21" gridY="5" name="v126" weight="3" x="2150" y="550">
<entities/>
</vertex>
<vertex gridX="7" gridY="10" name="v127" weight="7" x="750" y="1050">
<entities/>
</vertex>
<vertex gridX="8" gridY="25" name="v128" weight="1" x="850" y="2550">
<entities/>
</vertex>
<vertex gridX="0" gridY="10" name="v129" weight="2" x="50" y="1050">
<entities/>
</vertex>
<vertex gridX="23" gridY="10" name="v130" weight="2" x="2350" y="1050">
<entities/>
</vertex>
<vertex gridX="24" gridY="6" name="v131" weight="3" x="2450" y="650">
<entities/>
</vertex>
<vertex gridX="14" gridY="3" name="v132" weight="1" x="1450" y="350">
<entities/>
</vertex>
<vertex gridX="16" gridY="2" name="v133" weight="4" x="1650" y="250">
<entities/>
</vertex>
<vertex dominatorTeam="MAKo" gridX="9" gridY="5" name="v134" weight="2" x="950" y="550">
<entities>
<entity energy="36" health="0" lastAction="recharge" lastActionParam="" lastActionResult="successful" maxEnergy="37" maxEnergyDisabled="36" maxHealth="4" name="a3" node="v134" roleName="Explorer" strength="0" team="A" visRange="2"/>
</entities>
</vertex>
<vertex gridX="7" gridY="12" name="v135" weight="2" x="750" y="1250">
<entities/>
</vertex>
<vertex gridX="3" gridY="18" name="v136" weight="1" x="350" y="1850">
<entities/>
</vertex>
<vertex gridX="8" gridY="18" name="v137" weight="1" x="850" y="1850">
<entities/>
</vertex>
<vertex gridX="17" gridY="7" name="v138" weight="4" x="1750" y="750">
<entities/>
</vertex>
<vertex dominatorTeam="A" gridX="20" gridY="2" name="v139" weight="2" x="2050" y="250">
<entities>
<entity energy="8" health="4" lastAction="goto" lastActionParam="v139" lastActionResult="successful" maxEnergy="41" maxEnergyDisabled="38" maxHealth="4" name="a6" node="v139" roleName="Explorer" strength="0" team="A" visRange="2"/>
</entities>
</vertex>
<vertex gridX="22" gridY="23" name="v140" weight="1" x="2250" y="2350">
<entities/>
</vertex>
<vertex gridX="21" gridY="15" name="v141" weight="1" x="2150" y="1550">
<entities/>
</vertex>
<vertex gridX="9" gridY="19" name="v142" weight="2" x="950" y="1950">
<entities/>
</vertex>
<vertex gridX="3" gridY="5" name="v143" weight="4" x="350" y="550">
<entities/>
</vertex>
<vertex gridX="8" gridY="22" name="v144" weight="2" x="850" y="2250">
<entities/>
</vertex>
<vertex gridX="3" gridY="25" name="v145" weight="1" x="350" y="2550">
<entities/>
</vertex>
<vertex gridX="20" gridY="14" name="v146" weight="1" x="2050" y="1450">
<entities/>
</vertex>
<vertex gridX="23" gridY="9" name="v147" weight="3" x="2350" y="950">
<entities/>
</vertex>
<vertex gridX="20" gridY="13" name="v148" weight="1" x="2050" y="1350">
<entities/>
</vertex>
<vertex gridX="18" gridY="24" name="v149" weight="1" x="1850" y="2450">
<entities/>
</vertex>
<vertex gridX="14" gridY="17" name="v150" weight="2" x="1450" y="1750">
<entities/>
</vertex>
<vertex dominatorTeam="MAKo" gridX="7" gridY="2" name="v151" weight="2" x="750" y="250">
<entities/>
</vertex>
<vertex gridX="7" gridY="18" name="v152" weight="1" x="750" y="1850">
<entities/>
</vertex>
<vertex gridX="4" gridY="18" name="v153" weight="1" x="450" y="1850">
<entities/>
</vertex>
<vertex gridX="10" gridY="12" name="v154" weight="5" x="1050" y="1250">
<entities/>
</vertex>
<vertex dominatorTeam="MAKo" gridX="4" gridY="3" name="v155" weight="3" x="450" y="350">
<entities>
<entity energy="28" health="1" lastAction="goto" lastActionParam="v155" lastActionResult="successful" maxEnergy="30" maxEnergyDisabled="30" maxHealth="1" name="MAKo18" node="v155" roleName="Sentinel" strength="0" team="MAKo" visRange="3"/>
</entities>
</vertex>
<vertex gridX="1" gridY="9" name="v156" weight="3" x="150" y="950">
<entities/>
</vertex>
<vertex gridX="16" gridY="21" name="v157" weight="2" x="1650" y="2150">
<entities/>
</vertex>
<vertex gridX="10" gridY="25" name="v158" weight="1" x="1050" y="2550">
<entities/>
</vertex>
<vertex gridX="22" gridY="3" name="v159" weight="4" x="2250" y="350">
<entities/>
</vertex>
<vertex gridX="4" gridY="1" name="v160" weight="3" x="450" y="150">
<entities/>
</vertex>
<vertex gridX="0" gridY="24" name="v161" weight="1" x="50" y="2450">
<entities/>
</vertex>
<vertex gridX="18" gridY="2" name="v162" weight="2" x="1850" y="250">
<entities/>
</vertex>
<vertex gridX="3" gridY="3" name="v163" weight="4" x="350" y="350">
<entities/>
</vertex>
<vertex gridX="22" gridY="25" name="v164" weight="1" x="2250" y="2550">
<entities/>
</vertex>
<vertex gridX="24" gridY="16" name="v165" weight="1" x="2450" y="1650">
<entities/>
</vertex>
<vertex dominatorTeam="MAKo" gridX="4" gridY="5" name="v166" weight="3" x="450" y="550">
<entities/>
</vertex>
<vertex gridX="15" gridY="2" name="v167" weight="2" x="1550" y="250">
<entities/>
</vertex>
<vertex gridX="3" gridY="4" name="v168" weight="4" x="350" y="450">
<entities/>
</vertex>
<vertex gridX="2" gridY="24" name="v169" weight="1" x="250" y="2450">
<entities/>
</vertex>
<vertex gridX="0" gridY="13" name="v170" weight="1" x="50" y="1350">
<entities/>
</vertex>
<vertex gridX="17" gridY="18" name="v171" weight="1" x="1750" y="1850">
<entities/>
</vertex>
<vertex dominatorTeam="MAKo" gridX="12" gridY="25" name="v172" weight="1" x="1250" y="2550">
<entities/>
</vertex>
<vertex dominatorTeam="MAKo" gridX="15" gridY="20" name="v173" weight="2" x="1550" y="2050">
<entities>
<entity energy="27" health="1" lastAction="goto" lastActionParam="v173" lastActionResult="successful" maxEnergy="30" maxEnergyDisabled="30" maxHealth="1" name="MAKo17" node="v173" roleName="Sentinel" strength="0" team="MAKo" visRange="3"/>
</entities>
</vertex>
<vertex gridX="3" gridY="1" name="v174" weight="4" x="350" y="150">
<entities/>
</vertex>
<vertex gridX="3" gridY="15" name="v175" weight="1" x="350" y="1550">
<entities>
<entity energy="0" health="0" lastAction="goto" lastActionParam="v11" lastActionResult="failed_resources" maxEnergy="25" maxEnergyDisabled="25" maxHealth="6" name="a9" node="v175" roleName="Repairer" strength="0" team="A" visRange="1"/>
</entities>
</vertex>
<vertex gridX="18" gridY="4" name="v176" weight="2" x="1850" y="450">
<entities/>
</vertex>
<vertex dominatorTeam="MAKo" gridX="4" gridY="6" name="v177" weight="6" x="450" y="650">
<entities>
<entity energy="7" health="6" lastAction="goto" lastActionParam="v177" lastActionResult="successful" maxEnergy="25" maxEnergyDisabled="25" maxHealth="6" name="MAKo12" node="v177" roleName="Repairer" strength="0" team="MAKo" visRange="1"/>
<entity energy="23" health="1" lastAction="goto" lastActionParam="v177" lastActionResult="successful" maxEnergy="30" maxEnergyDisabled="30" maxHealth="1" name="MAKo21" node="v177" roleName="Sentinel" strength="0" team="MAKo" visRange="3"/>
</entities>
</vertex>
<vertex gridX="18" gridY="12" name="v178" weight="2" x="1850" y="1250">
<entities/>
</vertex>
<vertex dominatorTeam="MAKo" gridX="7" gridY="5" name="v179" weight="3" x="750" y="550">
<entities>
<entity energy="20" health="1" lastAction="goto" lastActionParam="v179" lastActionResult="successful" maxEnergy="30" maxEnergyDisabled="30" maxHealth="1" name="MAKo20" node="v179" roleName="Sentinel" strength="0" team="MAKo" visRange="3"/>
</entities>
</vertex>
<vertex gridX="2" gridY="13" name="v180" weight="1" x="250" y="1350">
<entities/>
</vertex>
<vertex gridX="15" gridY="24" name="v181" weight="1" x="1550" y="2450">
<entities/>
</vertex>
<vertex gridX="22" gridY="1" name="v182" weight="4" x="2250" y="150">
<entities/>
</vertex>
<vertex gridX="8" gridY="15" name="v183" weight="2" x="850" y="1550">
<entities/>
</vertex>
<vertex gridX="19" gridY="18" name="v184" weight="1" x="1950" y="1850">
<entities/>
</vertex>
<vertex gridX="25" gridY="21" name="v185" weight="1" x="2550" y="2150">
<entities/>
</vertex>
<vertex gridX="1" gridY="2" name="v186" weight="2" x="150" y="250">
<entities/>
</vertex>
<vertex gridX="25" gridY="10" name="v187" weight="2" x="2550" y="1050">
<entities/>
</vertex>
<vertex gridX="9" gridY="10" name="v188" weight="6" x="950" y="1050">
<entities/>
</vertex>
<vertex gridX="19" gridY="22" name="v189" weight="2" x="1950" y="2250">
<entities/>
</vertex>
<vertex gridX="15" gridY="1" name="v190" weight="2" x="1550" y="150">
<entities/>
</vertex>
<vertex gridX="13" gridY="21" name="v191" weight="1" x="1350" y="2150">
<entities/>
</vertex>
<vertex dominatorTeam="MAKo" gridX="5" gridY="7" name="v192" weight="10" x="550" y="750">
<entities/>
</vertex>
<vertex gridX="13" gridY="8" name="v193" weight="8" x="1350" y="850">
<entities/>
</vertex>
<vertex gridX="0" gridY="11" name="v194" weight="1" x="50" y="1150">
<entities/>
</vertex>
<vertex gridX="22" gridY="5" name="v195" weight="4" x="2250" y="550">
<entities/>
</vertex>
<vertex gridX="18" gridY="25" name="v196" weight="1" x="1850" y="2550">
<entities/>
</vertex>
<vertex gridX="16" gridY="15" name="v197" weight="5" x="1650" y="1550">
<entities/>
</vertex>
<vertex gridX="2" gridY="21" name="v198" weight="1" x="250" y="2150">
<entities/>
</vertex>
<vertex gridX="14" gridY="9" name="v199" weight="10" x="1450" y="950">
<entities/>
</vertex>
<vertex gridX="6" gridY="20" name="v200" weight="10" x="650" y="2050">
<entities/>
</vertex>
<vertex gridX="13" gridY="6" name="v201" weight="2" x="1350" y="650">
<entities/>
</vertex>
<vertex gridX="5" gridY="17" name="v202" weight="1" x="550" y="1750">
<entities/>
</vertex>
<vertex gridX="4" gridY="15" name="v203" weight="1" x="450" y="1550">
<entities/>
</vertex>
<vertex gridX="8" gridY="0" name="v204" weight="3" x="850" y="50">
<entities/>
</vertex>
<vertex gridX="6" gridY="10" name="v205" weight="2" x="650" y="1050">
<entities/>
</vertex>
<vertex gridX="24" gridY="25" name="v206" weight="1" x="2450" y="2550">
<entities/>
</vertex>
<vertex gridX="10" gridY="8" name="v207" weight="6" x="1050" y="850">
<entities/>
</vertex>
<vertex dominatorTeam="MAKo" gridX="15" gridY="15" name="v208" weight="6" x="1550" y="1550">
<entities>
<entity energy="18" health="6" lastAction="goto" lastActionParam="v208" lastActionResult="successful" maxEnergy="25" maxEnergyDisabled="25" maxHealth="6" name="MAKo11" node="v208" roleName="Repairer" strength="0" team="MAKo" visRange="1"/>
</entities>
</vertex>
<vertex gridX="23" gridY="15" name="v209" weight="1" x="2350" y="1550">
<entities/>
</vertex>
<vertex gridX="3" gridY="20" name="v210" weight="1" x="350" y="2050">
<entities/>
</vertex>
<vertex gridX="8" gridY="24" name="v211" weight="1" x="850" y="2450">
<entities/>
</vertex>
<vertex gridX="24" gridY="1" name="v212" weight="3" x="2450" y="150">
<entities/>
</vertex>
<vertex gridX="12" gridY="19" name="v213" weight="1" x="1250" y="1950">
<entities/>
</vertex>
<vertex gridX="12" gridY="1" name="v214" weight="1" x="1250" y="150">
<entities/>
</vertex>
<vertex gridX="11" gridY="2" name="v215" weight="1" x="1150" y="250">
<entities/>
</vertex>
<vertex dominatorTeam="MAKo" gridX="14" gridY="13" name="v216" weight="6" x="1450" y="1350">
<entities>
<entity energy="4" health="0" lastAction="goto" lastActionParam="v216" lastActionResult="successful" maxEnergy="20" maxEnergyDisabled="20" maxHealth="3" name="MAKo16" node="v216" roleName="Saboteur" strength="3" team="MAKo" visRange="2"/>
<entity energy="8" health="6" lastAction="goto" lastActionParam="v216" lastActionResult="successful" maxEnergy="25" maxEnergyDisabled="25" maxHealth="6" name="MAKo28" node="v216" roleName="Inspector" strength="0" team="MAKo" visRange="2"/>
</entities>
</vertex>
<vertex gridX="22" gridY="4" name="v217" weight="4" x="2250" y="450">
<entities/>
</vertex>
<vertex gridX="20" gridY="22" name="v218" weight="1" x="2050" y="2250">
<entities/>
</vertex>
<vertex gridX="11" gridY="23" name="v219" weight="1" x="1150" y="2350">
<entities/>
</vertex>
<vertex gridX="22" gridY="21" name="v220" weight="1" x="2250" y="2150">
<entities/>
</vertex>
<vertex gridX="9" gridY="13" name="v221" weight="6" x="950" y="1350">
<entities/>
</vertex>
<vertex gridX="16" gridY="11" name="v222" weight="6" x="1650" y="1150">
<entities/>
</vertex>
<vertex gridX="23" gridY="23" name="v223" weight="1" x="2350" y="2350">
<entities/>
</vertex>
<vertex gridX="20" gridY="6" name="v224" weight="4" x="2050" y="650">
<entities/>
</vertex>
<vertex dominatorTeam="A" gridX="9" gridY="2" name="v225" weight="4" x="950" y="250">
<entities>
<entity energy="26" health="0" lastAction="recharge" lastActionParam="" lastActionResult="successful" maxEnergy="27" maxEnergyDisabled="26" maxHealth="6" name="a24" node="v225" roleName="Inspector" strength="0" team="A" visRange="1"/>
<entity energy="15" health="2" lastAction="goto" lastActionParam="v225" lastActionResult="successful" maxEnergy="27" maxEnergyDisabled="26" maxHealth="6" name="a26" node="v225" roleName="Inspector" strength="0" team="A" visRange="1"/>
<entity energy="15" health="1" lastAction="goto" lastActionParam="v225" lastActionResult="successful" maxEnergy="30" maxEnergyDisabled="30" maxHealth="1" name="a22" node="v225" roleName="Sentinel" strength="0" team="A" visRange="3"/>
</entities>
</vertex>
<vertex gridX="10" gridY="0" name="v226" weight="2" x="1050" y="50">
<entities/>
</vertex>
<vertex dominatorTeam="MAKo" gridX="2" gridY="16" name="v227" weight="1" x="250" y="1650">
<entities>
<entity energy="3" health="4" lastAction="goto" lastActionParam="v227" lastActionResult="successful" maxEnergy="35" maxEnergyDisabled="35" maxHealth="4" name="MAKo4" node="v227" roleName="Explorer" strength="0" team="MAKo" visRange="2"/>
</entities>
</vertex>
<vertex gridX="5" gridY="13" name="v228" weight="1" x="550" y="1350">
<entities/>
</vertex>
<vertex gridX="23" gridY="24" name="v229" weight="1" x="2350" y="2450">
<entities/>
</vertex>
<vertex dominatorTeam="MAKo" gridX="18" gridY="20" name="v230" weight="2" x="1850" y="2050">
<entities>
<entity energy="20" health="4" lastAction="recharge" lastActionParam="" lastActionResult="successful" maxEnergy="35" maxEnergyDisabled="35" maxHealth="4" name="MAKo1" node="v230" roleName="Explorer" strength="0" team="MAKo" visRange="2"/>
</entities>
</vertex>
<vertex gridX="1" gridY="19" name="v231" weight="1" x="150" y="1950">
<entities/>
</vertex>
<vertex gridX="18" gridY="6" name="v232" weight="6" x="1850" y="650">
<entities/>
</vertex>
<vertex gridX="8" gridY="8" name="v233" weight="5" x="850" y="850">
<entities/>
</vertex>
<vertex gridX="5" gridY="18" name="v234" weight="1" x="550" y="1850">
<entities/>
</vertex>
<vertex gridX="12" gridY="14" name="v235" weight="10" x="1250" y="1450">
<entities/>
</vertex>
<vertex gridX="18" gridY="9" name="v236" weight="4" x="1850" y="950">
<entities/>
</vertex>
<vertex gridX="12" gridY="22" name="v237" weight="1" x="1250" y="2250">
<entities/>
</vertex>
<vertex gridX="19" gridY="0" name="v238" weight="2" x="1950" y="50">
<entities/>
</vertex>
<vertex dominatorTeam="MAKo" gridX="5" gridY="3" name="v239" weight="2" x="550" y="350">
<entities>
<entity energy="7" health="4" lastAction="probe" lastActionParam="" lastActionResult="successful" maxEnergy="35" maxEnergyDisabled="35" maxHealth="4" name="MAKo6" node="v239" roleName="Explorer" strength="0" team="MAKo" visRange="2"/>
<entity energy="23" health="6" lastAction="goto" lastActionParam="v239" lastActionResult="successful" maxEnergy="25" maxEnergyDisabled="25" maxHealth="6" name="MAKo23" node="v239" roleName="Inspector" strength="0" team="MAKo" visRange="2"/>
</entities>
</vertex>
<vertex gridX="22" gridY="22" name="v240" weight="1" x="2250" y="2250">
<entities/>
</vertex>
<vertex gridX="1" gridY="18" name="v241" weight="1" x="150" y="1850">
<entities/>
</vertex>
<vertex gridX="2" gridY="10" name="v242" weight="2" x="250" y="1050">
<entities/>
</vertex>
<vertex gridX="13" gridY="2" name="v243" weight="1" x="1350" y="250">
<entities/>
</vertex>
<vertex gridX="4" gridY="24" name="v244" weight="1" x="450" y="2450">
<entities/>
</vertex>
<vertex gridX="14" gridY="25" name="v245" weight="1" x="1450" y="2550">
<entities/>
</vertex>
<vertex gridX="19" gridY="14" name="v246" weight="1" x="1950" y="1450">
<entities/>
</vertex>
<vertex gridX="2" gridY="15" name="v247" weight="1" x="250" y="1550">
<entities/>
</vertex>
<vertex gridX="24" gridY="21" name="v248" weight="1" x="2450" y="2150">
<entities/>
</vertex>
<vertex gridX="2" gridY="14" name="v249" weight="1" x="250" y="1450">
<entities/>
</vertex>
<vertex gridX="23" gridY="13" name="v250" weight="1" x="2350" y="1350">
<entities>
<entity energy="12" health="0" lastAction="survey" lastActionParam="" lastActionResult="failed_random" maxEnergy="35" maxEnergyDisabled="35" maxHealth="4" name="a2" node="v250" roleName="Explorer" strength="0" team="A" visRange="2"/>
</entities>
</vertex>
<vertex gridX="19" gridY="20" name="v251" weight="10" x="1950" y="2050">
<entities/>
</vertex>
<vertex gridX="24" gridY="5" name="v252" weight="3" x="2450" y="550">
<entities/>
</vertex>
<vertex gridX="22" gridY="11" name="v253" weight="1" x="2250" y="1150">
<entities/>
</vertex>
<vertex gridX="10" gridY="2" name="v254" weight="2" x="1050" y="250">
<entities/>
</vertex>
<vertex gridX="5" gridY="14" name="v255" weight="1" x="550" y="1450">
<entities/>
</vertex>
<vertex dominatorTeam="MAKo" gridX="13" gridY="10" name="v256" weight="7" x="1350" y="1050">
<entities/>
</vertex>
<vertex dominatorTeam="MAKo" gridX="15" gridY="21" name="v257" weight="1" x="1550" y="2150">
<entities/>
</vertex>
<vertex gridX="1" gridY="5" name="v258" weight="3" x="150" y="550">
<entities/>
</vertex>
<vertex gridX="8" gridY="9" name="v259" weight="7" x="850" y="950">
<entities/>
</vertex>
<vertex gridX="1" gridY="1" name="v260" weight="3" x="150" y="150">
<entities/>
</vertex>
<vertex gridX="17" gridY="2" name="v261" weight="7" x="1750" y="250">
<entities/>
</vertex>
<vertex dominatorTeam="MAKo" gridX="16" gridY="14" name="v262" weight="10" x="1650" y="1450">
<entities/>
</vertex>
<vertex gridX="4" gridY="8" name="v263" weight="6" x="450" y="850">
<entities/>
</vertex>
<vertex gridX="2" gridY="12" name="v264" weight="1" x="250" y="1250">
<entities/>
</vertex>
<vertex gridX="18" gridY="21" name="v265" weight="3" x="1850" y="2150">
<entities/>
</vertex>
<vertex gridX="5" gridY="16" name="v266" weight="1" x="550" y="1650">
<entities/>
</vertex>
<vertex gridX="15" gridY="0" name="v267" weight="2" x="1550" y="50">
<entities/>
</vertex>
<vertex gridX="14" gridY="11" name="v268" weight="6" x="1450" y="1150">
<entities>
<entity energy="15" health="6" lastAction="recharge" lastActionParam="" lastActionResult="successful" maxEnergy="25" maxEnergyDisabled="25" maxHealth="6" name="MAKo26" node="v268" roleName="Inspector" strength="0" team="MAKo" visRange="2"/>
<entity energy="9" health="2" lastAction="goto" lastActionParam="v268" lastActionResult="successful" maxEnergy="37" maxEnergyDisabled="36" maxHealth="4" name="a5" node="v268" roleName="Explorer" strength="0" team="A" visRange="2"/>
</entities>
</vertex>
<vertex gridX="21" gridY="11" name="v269" weight="1" x="2150" y="1150">
<entities/>
</vertex>
<vertex gridX="17" gridY="8" name="v270" weight="5" x="1750" y="850">
<entities/>
</vertex>
<vertex dominatorTeam="A" gridX="17" gridY="14" name="v271" weight="5" x="1750" y="1450">
<entities/>
</vertex>
<vertex dominatorTeam="A" gridX="22" gridY="18" name="v272" weight="1" x="2250" y="1850">
<entities/>
</vertex>
<vertex dominatorTeam="MAKo" gridX="7" gridY="14" name="v273" weight="2" x="750" y="1450">
<entities>
<entity energy="19" health="6" lastAction="inspect" lastActionParam="a16" lastActionResult="successful" maxEnergy="25" maxEnergyDisabled="25" maxHealth="6" name="MAKo27" node="v273" roleName="Inspector" strength="0" team="MAKo" visRange="2"/>
<entity energy="6" health="0" lastAction="parry" lastActionParam="" lastActionResult="failed_status" maxEnergy="20" maxEnergyDisabled="20" maxHealth="3" name="a16" node="v273" roleName="Saboteur" strength="3" team="A" visRange="1"/>
</entities>
</vertex>
<vertex dominatorTeam="MAKo" gridX="11" gridY="24" name="v274" weight="1" x="1150" y="2450">
<entities>
<entity energy="3" health="4" lastAction="goto" lastActionParam="v274" lastActionResult="successful" maxEnergy="35" maxEnergyDisabled="35" maxHealth="4" name="MAKo2" node="v274" roleName="Explorer" strength="0" team="MAKo" visRange="2"/>
</entities>
</vertex>
<vertex gridX="2" gridY="3" name="v275" weight="5" x="250" y="350">
<entities/>
</vertex>
<vertex dominatorTeam="MAKo" gridX="6" gridY="5" name="v276" weight="2" x="650" y="550">
<entities/>
</vertex>
<vertex gridX="24" gridY="15" name="v277" weight="1" x="2450" y="1550">
<entities/>
</vertex>
<vertex gridX="12" gridY="7" name="v278" weight="4" x="1250" y="750">
<entities/>
</vertex>
<vertex gridX="3" gridY="13" name="v279" weight="1" x="350" y="1350">
<entities/>
</vertex>
<vertex gridX="15" gridY="8" name="v280" weight="6" x="1550" y="850">
<entities/>
</vertex>
<vertex gridX="6" gridY="0" name="v281" weight="2" x="650" y="50">
<entities/>
</vertex>
<vertex dominatorTeam="MAKo" gridX="6" gridY="6" name="v282" weight="7" x="650" y="650">
<entities>
<entity energy="11" health="6" lastAction="goto" lastActionParam="v282" lastActionResult="successful" maxEnergy="25" maxEnergyDisabled="25" maxHealth="6" name="MAKo7" node="v282" roleName="Repairer" strength="0" team="MAKo" visRange="1"/>
</entities>
</vertex>
<vertex gridX="14" gridY="0" name="v283" weight="2" x="1450" y="50">
<entities/>
</vertex>
<vertex gridX="0" gridY="21" name="v284" weight="1" x="50" y="2150">
<entities/>
</vertex>
<vertex gridX="23" gridY="12" name="v285" weight="1" x="2350" y="1250">
<entities>
<entity energy="5" health="0" lastAction="parry" lastActionParam="" lastActionResult="failed_status" maxEnergy="20" maxEnergyDisabled="20" maxHealth="3" name="a14" node="v285" roleName="Saboteur" strength="3" team="A" visRange="1"/>
</entities>
</vertex>
<vertex gridX="18" gridY="5" name="v286" weight="3" x="1850" y="550">
<entities/>
</vertex>
<vertex gridX="9" gridY="25" name="v287" weight="1" x="950" y="2550">
<entities/>
</vertex>
<vertex dominatorTeam="A" gridX="18" gridY="14" name="v288" weight="2" x="1850" y="1450">
<entities/>
</vertex>
<vertex gridX="16" gridY="13" name="v289" weight="6" x="1650" y="1350">
<entities/>
</vertex>
<vertex gridX="1" gridY="13" name="v290" weight="1" x="150" y="1350">
<entities/>
</vertex>
<vertex gridX="4" gridY="21" name="v291" weight="1" x="450" y="2150">
<entities/>
</vertex>
<vertex dominatorTeam="MAKo" gridX="13" gridY="11" name="v292" weight="7" x="1350" y="1150">
<entities/>
</vertex>
<vertex gridX="5" gridY="22" name="v293" weight="1" x="550" y="2250">
<entities/>
</vertex>
<vertex gridX="21" gridY="24" name="v294" weight="1" x="2150" y="2450">
<entities/>
</vertex>
<vertex gridX="20" gridY="19" name="v295" weight="1" x="2050" y="1950">
<entities/>
</vertex>
<vertex gridX="20" gridY="5" name="v296" weight="3" x="2050" y="550">
<entities/>
</vertex>
<vertex gridX="20" gridY="1" name="v297" weight="2" x="2050" y="150">
<entities/>
</vertex>
<vertex gridX="16" gridY="5" name="v298" weight="2" x="1650" y="550">
<entities/>
</vertex>
<vertex dominatorTeam="MAKo" gridX="16" gridY="16" name="v299" weight="2" x="1650" y="1650">
<entities>
<entity energy="14" health="3" lastAction="recharge" lastActionParam="" lastActionResult="successful" maxEnergy="20" maxEnergyDisabled="20" maxHealth="3" name="MAKo13" node="v299" roleName="Saboteur" strength="3" team="MAKo" visRange="2"/>
</entities>
</vertex>
<vertex dominatorTeam="MAKo" gridX="5" gridY="8" name="v300" weight="4" x="550" y="850">
<entities>
<entity energy="25" health="6" lastAction="skip" lastActionParam="" lastActionResult="successful" maxEnergy="25" maxEnergyDisabled="25" maxHealth="6" name="MAKo10" node="v300" roleName="Repairer" strength="0" team="MAKo" visRange="1"/>
</entities>
</vertex>
<vertex gridX="8" gridY="10" name="v301" weight="10" x="850" y="1050">
<entities/>
</vertex>
<vertex gridX="6" gridY="22" name="v302" weight="2" x="650" y="2250">
<entities/>
</vertex>
<vertex gridX="7" gridY="24" name="v303" weight="1" x="750" y="2450">
<entities/>
</vertex>
<vertex gridX="22" gridY="15" name="v304" weight="1" x="2250" y="1550">
<entities>
<entity energy="0" health="0" lastAction="goto" lastActionParam="v209" lastActionResult="failed_resources" maxEnergy="25" maxEnergyDisabled="25" maxHealth="6" name="a12" node="v304" roleName="Repairer" strength="0" team="A" visRange="1"/>
</entities>
</vertex>
<vertex gridX="3" gridY="21" name="v305" weight="1" x="350" y="2150">
<entities/>
</vertex>
<vertex gridX="16" gridY="18" name="v306" weight="2" x="1650" y="1850">
<entities/>
</vertex>
<vertex gridX="19" gridY="2" name="v307" weight="2" x="1950" y="250">
<entities/>
</vertex>
<vertex gridX="21" gridY="21" name="v308" weight="1" x="2150" y="2150">
<entities/>
</vertex>
<vertex gridX="21" gridY="25" name="v309" weight="1" x="2150" y="2550">
<entities/>
</vertex>
<vertex gridX="23" gridY="3" name="v310" weight="5" x="2350" y="350">
<entities/>
</vertex>
<vertex gridX="18" gridY="10" name="v311" weight="7" x="1850" y="1050">
<entities/>
</vertex>
<vertex gridX="18" gridY="18" name="v312" weight="1" x="1850" y="1850">
<entities/>
</vertex>
<vertex gridX="1" gridY="17" name="v313" weight="1" x="150" y="1750">
<entities/>
</vertex>
<vertex gridX="6" gridY="13" name="v314" weight="1" x="650" y="1350">
<entities/>
</vertex>
<vertex gridX="2" gridY="0" name="v315" weight="4" x="250" y="50">
<entities/>
</vertex>
<vertex gridX="10" gridY="6" name="v316" weight="3" x="1050" y="650">
<entities>
<entity energy="0" health="0" lastAction="goto" lastActionParam="v336" lastActionResult="failed_resources" maxEnergy="25" maxEnergyDisabled="25" maxHealth="6" name="a7" node="v316" roleName="Repairer" strength="0" team="A" visRange="1"/>
</entities>
</vertex>
<vertex gridX="17" gridY="25" name="v317" weight="1" x="1750" y="2550">
<entities/>
</vertex>
<vertex dominatorTeam="MAKo" gridX="15" gridY="19" name="v318" weight="1" x="1550" y="1950">
<entities/>
</vertex>
<vertex gridX="22" gridY="14" name="v319" weight="1" x="2250" y="1450">
<entities/>
</vertex>
<vertex gridX="14" gridY="15" name="v320" weight="4" x="1450" y="1550">
<entities/>
</vertex>
<vertex gridX="11" gridY="18" name="v321" weight="1" x="1150" y="1850">
<entities/>
</vertex>
<vertex gridX="10" gridY="15" name="v322" weight="6" x="1050" y="1550">
<entities/>
</vertex>
<vertex gridX="19" gridY="6" name="v323" weight="7" x="1950" y="650">
<entities/>
</vertex>
<vertex gridX="25" gridY="20" name="v324" weight="1" x="2550" y="2050">
<entities/>
</vertex>
<vertex gridX="25" gridY="11" name="v325" weight="1" x="2550" y="1150">
<entities/>
</vertex>
<vertex gridX="15" gridY="4" name="v326" weight="2" x="1550" y="450">
<entities>
<entity energy="15" health="0" lastAction="recharge" lastActionParam="" lastActionResult="successful" maxEnergy="30" maxEnergyDisabled="30" maxHealth="1" name="a18" node="v326" roleName="Sentinel" strength="0" team="A" visRange="3"/>
</entities>
</vertex>
<vertex gridX="19" gridY="5" name="v327" weight="2" x="1950" y="550">
<entities/>
</vertex>
<vertex gridX="3" gridY="23" name="v328" weight="1" x="350" y="2350">
<entities/>
</vertex>
<vertex gridX="9" gridY="7" name="v329" weight="5" x="950" y="750">
<entities/>
</vertex>
<vertex gridX="2" gridY="23" name="v330" weight="1" x="250" y="2350">
<entities/>
</vertex>
<vertex gridX="14" gridY="8" name="v331" weight="7" x="1450" y="850">
<entities/>
</vertex>
<vertex gridX="15" gridY="12" name="v332" weight="5" x="1550" y="1250">
<entities>
<entity energy="0" health="0" lastAction="goto" lastActionParam="v216" lastActionResult="failed_resources" maxEnergy="25" maxEnergyDisabled="25" maxHealth="6" name="a10" node="v332" roleName="Repairer" strength="0" team="A" visRange="1"/>
</entities>
</vertex>
<vertex gridX="7" gridY="20" name="v333" weight="2" x="750" y="2050">
<entities/>
</vertex>
<vertex gridX="4" gridY="14" name="v334" weight="1" x="450" y="1450">
<entities>
<entity energy="33" health="0" lastAction="probe" lastActionParam="" lastActionResult="failed_status" maxEnergy="35" maxEnergyDisabled="35" maxHealth="4" name="a1" node="v334" roleName="Explorer" strength="0" team="A" visRange="2"/>
</entities>
</vertex>
<vertex gridX="11" gridY="17" name="v335" weight="2" x="1150" y="1750">
<entities/>
</vertex>
<vertex gridX="10" gridY="7" name="v336" weight="10" x="1050" y="750">
<entities/>
</vertex>
<vertex gridX="23" gridY="1" name="v337" weight="10" x="2350" y="150">
<entities/>
</vertex>
<vertex gridX="8" gridY="14" name="v338" weight="5" x="850" y="1450">
<entities/>
</vertex>
<vertex gridX="11" gridY="15" name="v339" weight="4" x="1150" y="1550">
<entities/>
</vertex>
<vertex gridX="14" gridY="7" name="v340" weight="3" x="1450" y="750">
<entities/>
</vertex>
<vertex gridX="5" gridY="11" name="v341" weight="1" x="550" y="1150">
<entities/>
</vertex>
<vertex gridX="13" gridY="25" name="v342" weight="1" x="1350" y="2550">
<entities/>
</vertex>
<vertex gridX="16" gridY="19" name="v343" weight="2" x="1650" y="1950">
<entities/>
</vertex>
<vertex gridX="14" gridY="18" name="v344" weight="1" x="1450" y="1850">
<entities/>
</vertex>
<vertex gridX="3" gridY="9" name="v345" weight="2" x="350" y="950">
<entities/>
</vertex>
<vertex gridX="13" gridY="22" name="v346" weight="1" x="1350" y="2250">
<entities/>
</vertex>
<vertex gridX="21" gridY="3" name="v347" weight="3" x="2150" y="350">
<entities/>
</vertex>
<vertex gridX="0" gridY="9" name="v348" weight="2" x="50" y="950">
<entities/>
</vertex>
<vertex gridX="19" gridY="13" name="v349" weight="1" x="1950" y="1350">
<entities/>
</vertex>
<vertex gridX="13" gridY="7" name="v350" weight="4" x="1350" y="750">
<entities/>
</vertex>
<vertex gridX="7" gridY="25" name="v351" weight="1" x="750" y="2550">
<entities/>
</vertex>
<vertex gridX="1" gridY="16" name="v352" weight="1" x="150" y="1650">
<entities/>
</vertex>
<vertex gridX="16" gridY="0" name="v353" weight="3" x="1650" y="50">
<entities/>
</vertex>
<vertex gridX="8" gridY="2" name="v354" weight="7" x="850" y="250">
<entities/>
</vertex>
<vertex dominatorTeam="MAKo" gridX="11" gridY="25" name="v355" weight="1" x="1150" y="2550">
<entities>
<entity energy="0" health="0" lastAction="goto" lastActionParam="v158" lastActionResult="failed_resources" maxEnergy="25" maxEnergyDisabled="25" maxHealth="6" name="a8" node="v355" roleName="Repairer" strength="0" team="A" visRange="1"/>
<entity energy="8" health="3" lastAction="attack" lastActionParam="a8" lastActionResult="successful" maxEnergy="20" maxEnergyDisabled="20" maxHealth="3" name="MAKo15" node="v355" roleName="Saboteur" strength="3" team="MAKo" visRange="2"/>
</entities>
</vertex>
<vertex gridX="23" gridY="20" name="v356" weight="1" x="2350" y="2050">
<entities/>
</vertex>
<vertex gridX="23" gridY="21" name="v357" weight="1" x="2350" y="2150">
<entities/>
</vertex>
<vertex gridX="20" gridY="18" name="v358" weight="1" x="2050" y="1850">
<entities/>
</vertex>
<vertex gridX="11" gridY="21" name="v359" weight="1" x="1150" y="2150">
<entities/>
</vertex>
<vertex gridX="11" gridY="11" name="v360" weight="6" x="1150" y="1150">
<entities/>
</vertex>
<vertex gridX="10" gridY="21" name="v361" weight="1" x="1050" y="2150">
<entities/>
</vertex>
<vertex gridX="20" gridY="21" name="v362" weight="3" x="2050" y="2150">
<entities/>
</vertex>
<vertex gridX="19" gridY="19" name="v363" weight="2" x="1950" y="1950">
<entities/>
</vertex>
<vertex gridX="2" gridY="9" name="v364" weight="3" x="250" y="950">
<entities/>
</vertex>
<vertex gridX="6" gridY="1" name="v365" weight="2" x="650" y="150">
<entities/>
</vertex>
<vertex gridX="5" gridY="21" name="v366" weight="3" x="550" y="2150">
<entities/>
</vertex>
<vertex gridX="20" gridY="11" name="v367" weight="1" x="2050" y="1150">
<entities/>
</vertex>
<vertex dominatorTeam="MAKo" gridX="7" gridY="6" name="v368" weight="6" x="750" y="650">
<entities>
<entity energy="21" health="1" lastAction="goto" lastActionParam="v368" lastActionResult="successful" maxEnergy="30" maxEnergyDisabled="30" maxHealth="1" name="MAKo22" node="v368" roleName="Sentinel" strength="0" team="MAKo" visRange="3"/>
</entities>
</vertex>
<vertex dominatorTeam="A" gridX="17" gridY="12" name="v369" weight="5" x="1750" y="1250">
<entities>
<entity energy="19" health="6" lastAction="recharge" lastActionParam="" lastActionResult="successful" maxEnergy="27" maxEnergyDisabled="26" maxHealth="6" name="a27" node="v369" roleName="Inspector" strength="0" team="A" visRange="1"/>
</entities>
</vertex>
<vertex gridX="11" gridY="3" name="v370" weight="1" x="1150" y="350">
<entities/>
</vertex>
<vertex gridX="3" gridY="22" name="v371" weight="1" x="350" y="2250">
<entities/>
</vertex>
<vertex gridX="13" gridY="3" name="v372" weight="1" x="1350" y="350">
<entities/>
</vertex>
<vertex gridX="2" gridY="20" name="v373" weight="1" x="250" y="2050">
<entities/>
</vertex>
<vertex gridX="6" gridY="16" name="v374" weight="1" x="650" y="1650">
<entities/>
</vertex>
<vertex gridX="17" gridY="10" name="v375" weight="10" x="1750" y="1050">
<entities/>
</vertex>
<vertex gridX="20" gridY="7" name="v376" weight="10" x="2050" y="750">
<entities/>
</vertex>
<vertex gridX="20" gridY="20" name="v377" weight="3" x="2050" y="2050">
<entities/>
</vertex>
<vertex gridX="1" gridY="15" name="v378" weight="1" x="150" y="1550">
<entities/>
</vertex>
<vertex gridX="2" gridY="25" name="v379" weight="1" x="250" y="2550">
<entities>
<entity energy="26" health="0" lastAction="recharge" lastActionParam="" lastActionResult="successful" maxEnergy="27" maxEnergyDisabled="26" maxHealth="6" name="a28" node="v379" roleName="Inspector" strength="0" team="A" visRange="1"/>
</entities>
</vertex>
<vertex gridX="8" gridY="7" name="v380" weight="4" x="850" y="750">
<entities/>
</vertex>
<vertex gridX="2" gridY="1" name="v381" weight="10" x="250" y="150">
<entities/>
</vertex>
<vertex gridX="20" gridY="8" name="v382" weight="4" x="2050" y="850">
<entities/>
</vertex>
<vertex dominatorTeam="MAKo" gridX="14" gridY="20" name="v383" weight="1" x="1450" y="2050">
<entities>
<entity energy="25" health="3" lastAction="recharge" lastActionParam="" lastActionResult="successful" maxEnergy="25" maxEnergyDisabled="25" maxHealth="6" name="MAKo8" node="v383" roleName="Repairer" strength="0" team="MAKo" visRange="1"/>
<entity energy="16" health="3" lastAction="goto" lastActionParam="v383" lastActionResult="successful" maxEnergy="25" maxEnergyDisabled="25" maxHealth="6" name="MAKo25" node="v383" roleName="Inspector" strength="0" team="MAKo" visRange="2"/>
</entities>
</vertex>
<vertex gridX="13" gridY="20" name="v384" weight="1" x="1350" y="2050">
<entities/>
</vertex>
<vertex gridX="13" gridY="9" name="v385" weight="10" x="1350" y="950">
<entities/>
</vertex>
<vertex gridX="17" gridY="0" name="v386" weight="3" x="1750" y="50">
<entities/>
</vertex>
<vertex gridX="9" gridY="6" name="v387" weight="3" x="950" y="650">
<entities/>
</vertex>
<vertex gridX="13" gridY="15" name="v388" weight="2" x="1350" y="1550">
<entities/>
</vertex>
<vertex gridX="19" gridY="24" name="v389" weight="1" x="1950" y="2450">
<entities/>
</vertex>
<vertex gridX="12" gridY="9" name="v390" weight="10" x="1250" y="950">
<entities/>
</vertex>
<vertex dominatorTeam="MAKo" gridX="15" gridY="16" name="v391" weight="3" x="1550" y="1650">
<entities>
<entity energy="20" health="0" lastAction="recharge" lastActionParam="" lastActionResult="successful" maxEnergy="20" maxEnergyDisabled="20" maxHealth="3" name="a13" node="v391" roleName="Saboteur" strength="3" team="A" visRange="1"/>
</entities>
</vertex>
<vertex gridX="12" gridY="21" name="v392" weight="1" x="1250" y="2150">
<entities/>
</vertex>
<vertex gridX="7" gridY="21" name="v393" weight="3" x="750" y="2150">
<entities/>
</vertex>
<vertex gridX="8" gridY="12" name="v394" weight="5" x="850" y="1250">
<entities/>
</vertex>
<vertex gridX="19" gridY="10" name="v395" weight="2" x="1950" y="1050">
<entities/>
</vertex>
<vertex gridX="5" gridY="12" name="v396" weight="1" x="550" y="1250">
<entities/>
</vertex>
<vertex gridX="1" gridY="6" name="v397" weight="3" x="150" y="650">
<entities/>
</vertex>
<vertex gridX="5" gridY="20" name="v398" weight="3" x="550" y="2050">
<entities/>
</vertex>
<vertex gridX="9" gridY="23" name="v399" weight="1" x="950" y="2350">
<entities/>
</vertex>
</vertices>
<edges>
<edge node1="v260" node2="v35" weight="2"/>
<edge node1="v186" node2="v35" weight="4"/>
<edge node1="v71" node2="v213" weight="2"/>
<edge node1="v170" node2="v75" weight="5"/>
<edge node1="v156" node2="v35" weight="9"/>
<edge node1="v172" node2="v237" weight="6"/>
<edge node1="v397" node2="v156" weight="1"/>
<edge node1="v351" node2="v63" weight="2"/>
<edge node1="v186" node2="v258" weight="6"/>
<edge node1="v21" node2="v235" weight="5"/>
<edge node1="v75" node2="v114" weight="4"/>
<edge node1="v348" node2="v35" weight="9"/>
<edge node1="v116" node2="v0" weight="6"/>
<edge node1="v61" node2="v156" weight="3"/>
<edge node1="v137" node2="v374" weight="5"/>
<edge node1="v330" node2="v284" weight="4"/>
<edge node1="v387" node2="v179" weight="8"/>
<edge node1="v29" node2="v137" weight="2"/>
<edge node1="v364" node2="v61" weight="5"/>
<edge node1="v17" node2="v151" weight="4"/>
<edge node1="v293" node2="v244" weight="3"/>
<edge node1="v135" node2="v205" weight="9"/>
<edge node1="v274" node2="v237" weight="8"/>
<edge node1="v300" node2="v205" weight="1"/>
<edge node1="v300" node2="v345" weight="2"/>
<edge node1="v300" node2="v10" weight="3"/>
<edge node1="v183" node2="v374" weight="6"/>
<edge node1="v397" node2="v61" weight="3"/>
<edge node1="v397" node2="v143" weight="8"/>
<edge node1="v188" node2="v233" weight="6"/>
<edge node1="v188" node2="v360" weight="6"/>
<edge node1="v205" node2="v7" weight="7"/>
<edge node1="v151" node2="v239" weight="6"/>
<edge node1="v239" node2="v276" weight="9"/>
<edge node1="v22" node2="v100" weight="8"/>
<edge node1="v87" node2="v335" weight="3"/>
<edge node1="v87" node2="v83" weight="4"/>
<edge node1="v380" node2="v10" weight="5"/>
<edge node1="v241" node2="v105" weight="9"/>
<edge node1="v242" node2="v194" weight="5"/>
<edge node1="v4" node2="v137" weight="7"/>
<edge node1="v204" node2="v365" weight="3"/>
<edge node1="v34" node2="v330" weight="2"/>
<edge node1="v71" node2="v335" weight="8"/>
<edge node1="v7" node2="v345" weight="7"/>
<edge node1="v393" node2="v100" weight="2"/>
<edge node1="v55" node2="v123" weight="6"/>
<edge node1="v394" node2="v273" weight="6"/>
<edge node1="v231" node2="v210" weight="8"/>
<edge node1="v361" node2="v219" weight="6"/>
<edge node1="v322" node2="v123" weight="8"/>
<edge node1="v368" node2="v192" weight="9"/>
<edge node1="v170" node2="v378" weight="7"/>
<edge node1="v170" node2="v264" weight="6"/>
<edge node1="v123" node2="v21" weight="5"/>
<edge node1="v219" node2="v31" weight="9"/>
<edge node1="v335" node2="v213" weight="9"/>
<edge node1="v330" node2="v161" weight="9"/>
<edge node1="v63" node2="v62" weight="1"/>
<edge node1="v255" node2="v374" weight="1"/>
<edge node1="v194" node2="v264" weight="1"/>
<edge node1="v153" node2="v210" weight="6"/>
<edge node1="v258" node2="v275" weight="9"/>
<edge node1="v374" node2="v273" weight="4"/>
<edge node1="v143" node2="v275" weight="7"/>
<edge node1="v134" node2="v17" weight="9"/>
<edge node1="v134" node2="v179" weight="9"/>
<edge node1="v107" node2="v360" weight="9"/>
<edge node1="v29" node2="v87" weight="4"/>
<edge node1="v221" node2="v123" weight="4"/>
<edge node1="v39" node2="v151" weight="9"/>
<edge node1="v136" node2="v241" weight="6"/>
<edge node1="v136" node2="v210" weight="4"/>
<edge node1="v174" node2="v163" weight="8"/>
<edge node1="v321" node2="v87" weight="6"/>
<edge node1="v293" node2="v371" weight="7"/>
<edge node1="v3" node2="v79" weight="6"/>
<edge node1="v266" node2="v255" weight="9"/>
<edge node1="v302" node2="v144" weight="3"/>
<edge node1="v155" node2="v166" weight="1"/>
<edge node1="v135" node2="v396" weight="8"/>
<edge node1="v135" node2="v273" weight="9"/>
<edge node1="v233" node2="v207" weight="4"/>
<edge node1="v339" node2="v335" weight="5"/>
<edge node1="v301" node2="v394" weight="4"/>
<edge node1="v22" node2="v393" weight="3"/>
<edge node1="v22" node2="v142" weight="4"/>
<edge node1="v316" node2="v116" weight="4"/>
<edge node1="v316" node2="v0" weight="9"/>
<edge node1="v204" node2="v281" weight="4"/>
<edge node1="v254" node2="v0" weight="7"/>
<edge node1="v359" node2="v219" weight="9"/>
<edge node1="v290" node2="v378" weight="4"/>
<edge node1="v175" node2="v105" weight="2"/>
<edge node1="v393" node2="v366" weight="2"/>
<edge node1="v69" node2="v374" weight="2"/>
<edge node1="v360" node2="v123" weight="6"/>
<edge node1="v105" node2="v313" weight="4"/>
<edge node1="v381" node2="v275" weight="3"/>
<edge node1="v116" node2="v13" weight="4"/>
<edge node1="v92" node2="v345" weight="2"/>
<edge node1="v43" node2="v153" weight="5"/>
<edge node1="v279" node2="v228" weight="6"/>
<edge node1="v394" node2="v338" weight="9"/>
<edge node1="v394" node2="v154" weight="5"/>
<edge node1="v112" node2="v315" weight="1"/>
<edge node1="v112" node2="v281" weight="6"/>
<edge node1="v198" node2="v330" weight="9"/>
<edge node1="v244" node2="v62" weight="5"/>
<edge node1="v13" node2="v0" weight="9"/>
<edge node1="v11" node2="v153" weight="4"/>
<edge node1="v373" node2="v114" weight="7"/>
<edge node1="v61" node2="v192" weight="7"/>
<edge node1="v61" node2="v143" weight="8"/>
<edge node1="v100" node2="v76" weight="1"/>
<edge node1="v219" node2="v399" weight="9"/>
<edge node1="v399" node2="v287" weight="5"/>
<edge node1="v97" node2="v264" weight="9"/>
<edge node1="v90" node2="v213" weight="7"/>
<edge node1="v225" node2="v12" weight="5"/>
<edge node1="v169" node2="v161" weight="5"/>
<edge node1="v259" node2="v188" weight="1"/>
<edge node1="v200" node2="v393" weight="1"/>
<edge node1="v200" node2="v366" weight="5"/>
<edge node1="v134" node2="v316" weight="4"/>
<edge node1="v134" node2="v0" weight="7"/>
<edge node1="v107" node2="v301" weight="9"/>
<edge node1="v107" node2="v394" weight="4"/>
<edge node1="v107" node2="v154" weight="9"/>
<edge node1="v387" node2="v380" weight="4"/>
<edge node1="v47" node2="v219" weight="3"/>
<edge node1="v47" node2="v287" weight="5"/>
<edge node1="v29" node2="v183" weight="5"/>
<edge node1="v334" node2="v228" weight="9"/>
<edge node1="v398" node2="v76" weight="6"/>
<edge node1="v221" node2="v394" weight="8"/>
<edge node1="v221" node2="v338" weight="9"/>
<edge node1="v221" node2="v154" weight="4"/>
<edge node1="v172" node2="v274" weight="8"/>
<edge node1="v72" node2="v225" weight="6"/>
<edge node1="v227" node2="v175" weight="8"/>
<edge node1="v227" node2="v105" weight="6"/>
<edge node1="v227" node2="v313" weight="2"/>
<edge node1="v145" node2="v244" weight="8"/>
<edge node1="v145" node2="v169" weight="4"/>
<edge node1="v174" node2="v112" weight="8"/>
<edge node1="v174" node2="v315" weight="4"/>
<edge node1="v113" node2="v22" weight="7"/>
<edge node1="v113" node2="v142" weight="7"/>
<edge node1="v321" node2="v90" weight="4"/>
<edge node1="v321" node2="v213" weight="4"/>
<edge node1="v152" node2="v4" weight="5"/>
<edge node1="v152" node2="v100" weight="4"/>
<edge node1="v152" node2="v76" weight="9"/>
<edge node1="v17" node2="v254" weight="5"/>
<edge node1="v17" node2="v0" weight="6"/>
<edge node1="v293" node2="v79" weight="6"/>
<edge node1="v293" node2="v291" weight="6"/>
<edge node1="v3" node2="v303" weight="7"/>
<edge node1="v1" node2="v194" weight="1"/>
<edge node1="v66" node2="v239" weight="6"/>
<edge node1="v302" node2="v393" weight="7"/>
<edge node1="v302" node2="v366" weight="7"/>
<edge node1="v282" node2="v192" weight="2"/>
<edge node1="v333" node2="v100" weight="3"/>
<edge node1="v333" node2="v76" weight="3"/>
<edge node1="v183" node2="v273" weight="2"/>
<edge node1="v211" node2="v287" weight="7"/>
<edge node1="v28" node2="v169" weight="8"/>
<edge node1="v28" node2="v161" weight="3"/>
<edge node1="v58" node2="v112" weight="1"/>
<edge node1="v58" node2="v281" weight="2"/>
<edge node1="v341" node2="v205" weight="4"/>
<edge node1="v215" node2="v77" weight="6"/>
<edge node1="v215" node2="v68" weight="4"/>
<edge node1="v151" node2="v365" weight="5"/>
<edge node1="v129" node2="v156" weight="2"/>
<edge node1="v339" node2="v83" weight="7"/>
<edge node1="v339" node2="v235" weight="6"/>
<edge node1="v351" node2="v62" weight="4"/>
<edge node1="v316" node2="v45" weight="7"/>
<edge node1="v316" node2="v329" weight="5"/>
<edge node1="v87" node2="v90" weight="3"/>
<edge node1="v177" node2="v192" weight="2"/>
<edge node1="v177" node2="v143" weight="7"/>
<edge node1="v380" node2="v368" weight="5"/>
<edge node1="v234" node2="v4" weight="6"/>
<edge node1="v234" node2="v76" weight="8"/>
<edge node1="v242" node2="v92" weight="1"/>
<edge node1="v242" node2="v345" weight="4"/>
<edge node1="v242" node2="v156" weight="6"/>
<edge node1="v260" node2="v315" weight="9"/>
<edge node1="v359" node2="v237" weight="5"/>
<edge node1="v359" node2="v64" weight="6"/>
<edge node1="v290" node2="v249" weight="9"/>
<edge node1="v290" node2="v264" weight="6"/>
<edge node1="v175" node2="v11" weight="5"/>
<edge node1="v175" node2="v249" weight="6"/>
<edge node1="v207" node2="v6" weight="1"/>
<edge node1="v207" node2="v329" weight="1"/>
<edge node1="v7" node2="v396" weight="3"/>
<edge node1="v393" node2="v144" weight="7"/>
<edge node1="v360" node2="v154" weight="9"/>
<edge node1="v105" node2="v11" weight="9"/>
<edge node1="v105" node2="v153" weight="4"/>
<edge node1="v45" node2="v116" weight="2"/>
<edge node1="v202" node2="v374" weight="6"/>
<edge node1="v55" node2="v322" weight="8"/>
<edge node1="v5" node2="v365" weight="7"/>
<edge node1="v5" node2="v160" weight="9"/>
<edge node1="v92" node2="v97" weight="2"/>
<edge node1="v92" node2="v264" weight="6"/>
<edge node1="v314" node2="v255" weight="2"/>
<edge node1="v314" node2="v273" weight="4"/>
<edge node1="v43" node2="v109" weight="5"/>
<edge node1="v279" node2="v97" weight="8"/>
<edge node1="v279" node2="v264" weight="6"/>
<edge node1="v237" node2="v219" weight="5"/>
<edge node1="v231" node2="v373" weight="6"/>
<edge node1="v231" node2="v114" weight="5"/>
<edge node1="v361" node2="v32" weight="7"/>
<edge node1="v361" node2="v31" weight="2"/>
<edge node1="v32" node2="v90" weight="5"/>
<edge node1="v32" node2="v213" weight="2"/>
<edge node1="v244" node2="v328" weight="2"/>
<edge node1="v352" node2="v75" weight="7"/>
<edge node1="v305" node2="v373" weight="3"/>
<edge node1="v128" node2="v303" weight="9"/>
<edge node1="v263" node2="v61" weight="6"/>
<edge node1="v263" node2="v192" weight="7"/>
<edge node1="v166" node2="v168" weight="3"/>
<edge node1="v166" node2="v84" weight="4"/>
<edge node1="v168" node2="v275" weight="4"/>
<edge node1="v89" node2="v180" weight="7"/>
<edge node1="v89" node2="v203" weight="6"/>
<edge node1="v0" node2="v370" weight="3"/>
<edge node1="v109" node2="v153" weight="5"/>
<edge node1="v123" node2="v154" weight="1"/>
<edge node1="v103" node2="v6" weight="5"/>
<edge node1="v399" node2="v144" weight="3"/>
<edge node1="v330" node2="v371" weight="1"/>
<edge node1="v336" node2="v53" weight="1"/>
<edge node1="v249" node2="v378" weight="7"/>
<edge node1="v8" node2="v83" weight="7"/>
<edge node1="v255" node2="v203" weight="6"/>
<edge node1="v79" node2="v303" weight="4"/>
<edge node1="v77" node2="v225" weight="2"/>
<edge node1="v77" node2="v12" weight="4"/>
<edge node1="v77" node2="v49" weight="1"/>
<edge node1="v258" node2="v35" weight="3"/>
<edge node1="v371" node2="v291" weight="2"/>
<edge node1="v169" node2="v328" weight="6"/>
<edge node1="v53" node2="v278" weight="2"/>
<edge node1="v210" node2="v291" weight="7"/>
<edge node1="v259" node2="v301" weight="6"/>
<edge node1="v200" node2="v398" weight="9"/>
<edge node1="v200" node2="v76" weight="4"/>
<edge node1="v46" node2="v234" weight="8"/>
<edge node1="v46" node2="v76" weight="4"/>
<edge node1="v134" node2="v387" weight="3"/>
<edge node1="v107" node2="v188" weight="8"/>
<edge node1="v387" node2="v316" weight="1"/>
<edge node1="v387" node2="v329" weight="4"/>
<edge node1="v47" node2="v274" weight="2"/>
<edge node1="v47" node2="v158" weight="2"/>
<edge node1="v29" node2="v83" weight="5"/>
<edge node1="v334" node2="v89" weight="9"/>
<edge node1="v334" node2="v255" weight="5"/>
<edge node1="v334" node2="v203" weight="1"/>
<edge node1="v398" node2="v43" weight="4"/>
<edge node1="v398" node2="v366" weight="5"/>
<edge node1="v398" node2="v109" weight="4"/>
<edge node1="v221" node2="v55" weight="9"/>
<edge node1="v172" node2="v355" weight="8"/>
<edge node1="v39" node2="v179" weight="1"/>
<edge node1="v72" node2="v354" weight="8"/>
<edge node1="v72" node2="v204" weight="6"/>
<edge node1="v227" node2="v247" weight="4"/>
<edge node1="v227" node2="v352" weight="7"/>
<edge node1="v136" node2="v105" weight="6"/>
<edge node1="v136" node2="v153" weight="1"/>
<edge node1="v364" node2="v242" weight="7"/>
<edge node1="v364" node2="v345" weight="4"/>
<edge node1="v214" node2="v2" weight="4"/>
<edge node1="v145" node2="v379" weight="6"/>
<edge node1="v145" node2="v63" weight="8"/>
<edge node1="v174" node2="v381" weight="5"/>
<edge node1="v174" node2="v160" weight="6"/>
<edge node1="v113" node2="v361" weight="3"/>
<edge node1="v113" node2="v32" weight="5"/>
<edge node1="v321" node2="v335" weight="3"/>
<edge node1="v152" node2="v137" weight="4"/>
<edge node1="v17" node2="v225" weight="5"/>
<edge node1="v390" node2="v6" weight="1"/>
<edge node1="v293" node2="v302" weight="2"/>
<edge node1="v293" node2="v366" weight="4"/>
<edge node1="v3" node2="v211" weight="8"/>
<edge node1="v3" node2="v399" weight="8"/>
<edge node1="v3" node2="v144" weight="6"/>
<edge node1="v127" node2="v301" weight="4"/>
<edge node1="v127" node2="v10" weight="2"/>
<edge node1="v66" node2="v5" weight="7"/>
<edge node1="v66" node2="v365" weight="1"/>
<edge node1="v266" node2="v374" weight="6"/>
<edge node1="v302" node2="v79" weight="3"/>
<edge node1="v155" node2="v163" weight="3"/>
<edge node1="v155" node2="v239" weight="2"/>
<edge node1="v282" node2="v84" weight="3"/>
<edge node1="v135" node2="v394" weight="4"/>
<edge node1="v274" node2="v219" weight="4"/>
<edge node1="v333" node2="v393" weight="3"/>
<edge node1="v247" node2="v175" weight="9"/>
<edge node1="v247" node2="v249" weight="7"/>
<edge node1="v300" node2="v263" weight="3"/>
<edge node1="v300" node2="v192" weight="6"/>
<edge node1="v183" node2="v338" weight="8"/>
<edge node1="v183" node2="v8" weight="6"/>
<edge node1="v397" node2="v258" weight="5"/>
<edge node1="v397" node2="v35" weight="8"/>
<edge node1="v2" node2="v215" weight="8"/>
<edge node1="v2" node2="v68" weight="3"/>
<edge node1="v158" node2="v355" weight="6"/>
<edge node1="v211" node2="v128" weight="9"/>
<edge node1="v28" node2="v379" weight="3"/>
<edge node1="v58" node2="v5" weight="9"/>
<edge node1="v58" node2="v365" weight="9"/>
<edge node1="v58" node2="v160" weight="9"/>
<edge node1="v341" node2="v7" weight="3"/>
<edge node1="v341" node2="v396" weight="2"/>
<edge node1="v188" node2="v301" weight="7"/>
<edge node1="v163" node2="v275" weight="7"/>
<edge node1="v215" node2="v254" weight="3"/>
<edge node1="v215" node2="v370" weight="1"/>
<edge node1="v129" node2="v194" weight="4"/>
<edge node1="v129" node2="v348" weight="6"/>
<edge node1="v239" node2="v5" weight="3"/>
<edge node1="v233" node2="v380" weight="4"/>
<edge node1="v179" node2="v368" weight="1"/>
<edge node1="v179" node2="v276" weight="9"/>
<edge node1="v351" node2="v303" weight="6"/>
<edge node1="v22" node2="v361" weight="4"/>
<edge node1="v316" node2="v336" weight="2"/>
<edge node1="v87" node2="v142" weight="3"/>
<edge node1="v177" node2="v84" weight="9"/>
<edge node1="v354" node2="v225" weight="9"/>
<edge node1="v234" node2="v202" weight="3"/>
<edge node1="v234" node2="v109" weight="3"/>
<edge node1="v234" node2="v153" weight="7"/>
<edge node1="v241" node2="v313" weight="4"/>
<edge node1="v4" node2="v202" weight="3"/>
<edge node1="v4" node2="v374" weight="5"/>
<edge node1="v204" node2="v12" weight="8"/>
<edge node1="v260" node2="v381" weight="5"/>
<edge node1="v392" node2="v359" weight="2"/>
<edge node1="v392" node2="v237" weight="6"/>
<edge node1="v392" node2="v64" weight="1"/>
<edge node1="v254" node2="v77" weight="8"/>
<edge node1="v254" node2="v225" weight="9"/>
<edge node1="v359" node2="v361" weight="5"/>
<edge node1="v359" node2="v32" weight="2"/>
<edge node1="v124" node2="v21" weight="8"/>
<edge node1="v290" node2="v170" weight="6"/>
<edge node1="v290" node2="v180" weight="6"/>
<edge node1="v34" node2="v198" weight="6"/>
<edge node1="v34" node2="v284" weight="3"/>
<edge node1="v175" node2="v89" weight="4"/>
<edge node1="v175" node2="v203" weight="7"/>
<edge node1="v71" node2="v235" weight="3"/>
<edge node1="v7" node2="v92" weight="3"/>
<edge node1="v7" node2="v97" weight="4"/>
<edge node1="v69" node2="v314" weight="2"/>
<edge node1="v69" node2="v255" weight="7"/>
<edge node1="v69" node2="v273" weight="2"/>
<edge node1="v360" node2="v21" weight="2"/>
<edge node1="v381" node2="v315" weight="2"/>
<edge node1="v45" node2="v278" weight="4"/>
<edge node1="v116" node2="v278" weight="1"/>
<edge node1="v55" node2="v338" weight="5"/>
<edge node1="v55" node2="v8" weight="2"/>
<edge node1="v43" node2="v210" weight="6"/>
<edge node1="v279" node2="v89" weight="3"/>
<edge node1="v279" node2="v180" weight="7"/>
<edge node1="v365" node2="v281" weight="4"/>
<edge node1="v112" node2="v160" weight="8"/>
<edge node1="v198" node2="v305" weight="4"/>
<edge node1="v198" node2="v373" weight="7"/>
<edge node1="v32" node2="v64" weight="9"/>
<edge node1="v244" node2="v63" weight="3"/>
<edge node1="v352" node2="v313" weight="5"/>
<edge node1="v322" node2="v8" weight="9"/>
<edge node1="v322" node2="v83" weight="3"/>
<edge node1="v305" node2="v371" weight="8"/>
<edge node1="v305" node2="v210" weight="3"/>
<edge node1="v305" node2="v291" weight="8"/>
<edge node1="v13" node2="v68" weight="3"/>
<edge node1="v142" node2="v100" weight="3"/>
<edge node1="v142" node2="v90" weight="9"/>
<edge node1="v128" node2="v287" weight="9"/>
<edge node1="v11" node2="v203" weight="6"/>
<edge node1="v166" node2="v37" weight="7"/>
<edge node1="v166" node2="v143" weight="3"/>
<edge node1="v84" node2="v37" weight="7"/>
<edge node1="v228" node2="v255" weight="4"/>
<edge node1="v379" node2="v169" weight="7"/>
<edge node1="v366" node2="v291" weight="7"/>
<edge node1="v373" node2="v210" weight="1"/>
<edge node1="v100" node2="v137" weight="8"/>
<edge node1="v89" node2="v249" weight="6"/>
<edge node1="v37" node2="v276" weight="7"/>
<edge node1="v109" node2="v76" weight="1"/>
<edge node1="v313" node2="v75" weight="5"/>
<edge node1="v103" node2="v53" weight="3"/>
<edge node1="v156" node2="v348" weight="6"/>
<edge node1="v399" node2="v31" weight="8"/>
<edge node1="v330" node2="v169" weight="3"/>
<edge node1="v330" node2="v328" weight="6"/>
<edge node1="v226" node2="v77" weight="4"/>
<edge node1="v226" node2="v12" weight="4"/>
<edge node1="v226" node2="v49" weight="5"/>
<edge node1="v336" node2="v329" weight="4"/>
<edge node1="v144" node2="v31" weight="7"/>
<edge node1="v370" node2="v68" weight="3"/>
<edge node1="v338" node2="v273" weight="1"/>
<edge node1="v249" node2="v180" weight="4"/>
<edge node1="v180" node2="v264" weight="3"/>
<edge node1="v6" node2="v53" weight="2"/>
<edge node1="v62" node2="v303" weight="4"/>
<edge node1="v371" node2="v328" weight="1"/>
<edge node1="v212" node2="v26" weight="2"/>
<edge node1="v50" node2="v26" weight="4"/>
<edge node1="v388" node2="v54" weight="2"/>
<edge node1="v95" node2="v40" weight="5"/>
<edge node1="v18" node2="v26" weight="9"/>
<edge node1="v342" node2="v346" weight="6"/>
<edge node1="v131" node2="v18" weight="1"/>
<edge node1="v196" node2="v309" weight="2"/>
<edge node1="v50" node2="v252" weight="6"/>
<edge node1="v292" node2="v15" weight="5"/>
<edge node1="v40" node2="v324" weight="4"/>
<edge node1="v56" node2="v26" weight="9"/>
<edge node1="v201" node2="v326" weight="6"/>
<edge node1="v110" node2="v18" weight="3"/>
<edge node1="v171" node2="v94" weight="5"/>
<edge node1="v223" node2="v185" weight="4"/>
<edge node1="v73" node2="v286" weight="8"/>
<edge node1="v299" node2="v171" weight="2"/>
<edge node1="v147" node2="v110" weight="5"/>
<edge node1="v108" node2="v162" weight="4"/>
<edge node1="v218" node2="v294" weight="3"/>
<edge node1="v178" node2="v395" weight="9"/>
<edge node1="v48" node2="v346" weight="8"/>
<edge node1="v382" node2="v395" weight="1"/>
<edge node1="v382" node2="v27" weight="2"/>
<edge node1="v382" node2="v236" weight="3"/>
<edge node1="v85" node2="v94" weight="6"/>
<edge node1="v131" node2="v110" weight="3"/>
<edge node1="v131" node2="v195" weight="8"/>
<edge node1="v9" node2="v270" weight="6"/>
<edge node1="v9" node2="v268" weight="6"/>
<edge node1="v395" node2="v269" weight="7"/>
<edge node1="v162" node2="v78" weight="6"/>
<edge node1="v78" node2="v327" weight="9"/>
<edge node1="v157" node2="v14" weight="8"/>
<edge node1="v306" node2="v150" weight="3"/>
<edge node1="v306" node2="v391" weight="4"/>
<edge node1="v138" node2="v236" weight="5"/>
<edge node1="v52" node2="v88" weight="9"/>
<edge node1="v130" node2="v325" weight="5"/>
<edge node1="v24" node2="v171" weight="7"/>
<edge node1="v386" node2="v38" weight="3"/>
<edge node1="v248" node2="v223" weight="2"/>
<edge node1="v388" node2="v150" weight="8"/>
<edge node1="v269" node2="v27" weight="7"/>
<edge node1="v265" node2="v14" weight="2"/>
<edge node1="v262" node2="v216" weight="6"/>
<edge node1="v369" node2="v288" weight="6"/>
<edge node1="v74" node2="v125" weight="8"/>
<edge node1="v257" node2="v121" weight="6"/>
<edge node1="v208" node2="v216" weight="8"/>
<edge node1="v232" node2="v376" weight="9"/>
<edge node1="v95" node2="v277" weight="7"/>
<edge node1="v95" node2="v285" weight="6"/>
<edge node1="v216" node2="v292" weight="5"/>
<edge node1="v121" node2="v19" weight="9"/>
<edge node1="v150" node2="v54" weight="9"/>
<edge node1="v223" node2="v60" weight="9"/>
<edge node1="v309" node2="v389" weight="1"/>
<edge node1="v146" node2="v94" weight="1"/>
<edge node1="v325" node2="v285" weight="1"/>
<edge node1="v86" node2="v125" weight="6"/>
<edge node1="v252" node2="v310" weight="9"/>
<edge node1="v94" node2="v288" weight="4"/>
<edge node1="v195" node2="v310" weight="7"/>
<edge node1="v298" node2="v108" weight="9"/>
<edge node1="v298" node2="v286" weight="9"/>
<edge node1="v222" node2="v268" weight="9"/>
<edge node1="v299" node2="v306" weight="4"/>
<edge node1="v289" node2="v216" weight="4"/>
<edge node1="v176" node2="v162" weight="9"/>
<edge node1="v272" node2="v52" weight="6"/>
<edge node1="v272" node2="v125" weight="4"/>
<edge node1="v182" node2="v159" weight="8"/>
<edge node1="v344" node2="v306" weight="6"/>
<edge node1="v218" node2="v240" weight="7"/>
<edge node1="v115" node2="v120" weight="6"/>
<edge node1="v106" node2="v146" weight="9"/>
<edge node1="v189" node2="v91" weight="3"/>
<edge node1="v347" node2="v126" weight="1"/>
<edge node1="v178" node2="v118" weight="8"/>
<edge node1="v178" node2="v288" weight="9"/>
<edge node1="v270" node2="v280" weight="4"/>
<edge node1="v320" node2="v150" weight="5"/>
<edge node1="v375" node2="v369" weight="4"/>
<edge node1="v157" node2="v265" weight="3"/>
<edge node1="v157" node2="v343" weight="4"/>
<edge node1="v57" node2="v201" weight="4"/>
<edge node1="v57" node2="v326" weight="9"/>
<edge node1="v386" node2="v238" weight="4"/>
<edge node1="v167" node2="v326" weight="7"/>
<edge node1="v65" node2="v121" weight="9"/>
<edge node1="v23" node2="v277" weight="4"/>
<edge node1="v304" node2="v88" weight="2"/>
<edge node1="v265" node2="v362" weight="2"/>
<edge node1="v246" node2="v94" weight="2"/>
<edge node1="v268" node2="v216" weight="6"/>
<edge node1="v88" node2="v98" weight="4"/>
<edge node1="v337" node2="v310" weight="3"/>
<edge node1="v201" node2="v99" weight="4"/>
<edge node1="v253" node2="v27" weight="2"/>
<edge node1="v20" node2="v86" weight="5"/>
<edge node1="v102" node2="v148" weight="6"/>
<edge node1="v369" node2="v271" weight="9"/>
<edge node1="v369" node2="v332" weight="5"/>
<edge node1="v30" node2="v16" weight="1"/>
<edge node1="v30" node2="v238" weight="6"/>
<edge node1="v357" node2="v223" weight="9"/>
<edge node1="v294" node2="v389" weight="5"/>
<edge node1="v99" node2="v326" weight="9"/>
<edge node1="v25" node2="v86" weight="4"/>
<edge node1="v356" node2="v324" weight="7"/>
<edge node1="v110" node2="v376" weight="7"/>
<edge node1="v110" node2="v195" weight="8"/>
<edge node1="v14" node2="v363" weight="1"/>
<edge node1="v121" node2="v33" weight="9"/>
<edge node1="v33" node2="v93" weight="5"/>
<edge node1="v42" node2="v285" weight="9"/>
<edge node1="v318" node2="v54" weight="7"/>
<edge node1="v133" node2="v353" weight="5"/>
<edge node1="v229" node2="v60" weight="5"/>
<edge node1="v104" node2="v9" weight="1"/>
<edge node1="v251" node2="v265" weight="1"/>
<edge node1="v251" node2="v362" weight="5"/>
<edge node1="v298" node2="v57" weight="4"/>
<edge node1="v298" node2="v326" weight="7"/>
<edge node1="v222" node2="v375" weight="9"/>
<edge node1="v222" node2="v369" weight="4"/>
<edge node1="v222" node2="v332" weight="9"/>
<edge node1="v73" node2="v138" weight="4"/>
<edge node1="v181" node2="v121" weight="3"/>
<edge node1="v181" node2="v93" weight="5"/>
<edge node1="v299" node2="v85" weight="5"/>
<edge node1="v70" node2="v148" weight="9"/>
<edge node1="v377" node2="v363" weight="6"/>
<edge node1="v289" node2="v369" weight="8"/>
<edge node1="v289" node2="v271" weight="9"/>
<edge node1="v289" node2="v332" weight="4"/>
<edge node1="v342" node2="v48" weight="8"/>
<edge node1="v81" node2="v133" weight="6"/>
<edge node1="v36" node2="v304" weight="8"/>
<edge node1="v36" node2="v88" weight="6"/>
<edge node1="v36" node2="v98" weight="2"/>
<edge node1="v164" node2="v294" weight="8"/>
<edge node1="v164" node2="v229" weight="4"/>
<edge node1="v182" node2="v30" weight="8"/>
<edge node1="v182" node2="v16" weight="4"/>
<edge node1="v173" node2="v157" weight="7"/>
<edge node1="v173" node2="v343" weight="7"/>
<edge node1="v344" node2="v318" weight="4"/>
<edge node1="v344" node2="v54" weight="4"/>
<edge node1="v312" node2="v24" weight="5"/>
<edge node1="v312" node2="v14" weight="4"/>
<edge node1="v312" node2="v363" weight="9"/>
<edge node1="v108" node2="v167" weight="5"/>
<edge node1="v108" node2="v326" weight="6"/>
<edge node1="v218" node2="v120" weight="6"/>
<edge node1="v218" node2="v308" weight="6"/>
<edge node1="v115" node2="v149" weight="7"/>
<edge node1="v96" node2="v325" weight="1"/>
<edge node1="v307" node2="v78" weight="6"/>
<edge node1="v189" node2="v265" weight="7"/>
<edge node1="v189" node2="v362" weight="7"/>
<edge node1="v323" node2="v376" weight="2"/>
<edge node1="v230" node2="v14" weight="3"/>
<edge node1="v230" node2="v363" weight="3"/>
<edge node1="v85" node2="v288" weight="2"/>
<edge node1="v122" node2="v93" weight="7"/>
<edge node1="v206" node2="v229" weight="8"/>
<edge node1="v206" node2="v60" weight="3"/>
<edge node1="v297" node2="v30" weight="1"/>
<edge node1="v297" node2="v238" weight="2"/>
<edge node1="v367" node2="v395" weight="4"/>
<edge node1="v51" node2="v190" weight="6"/>
<edge node1="v51" node2="v372" weight="4"/>
<edge node1="v162" node2="v38" weight="5"/>
<edge node1="v187" node2="v18" weight="2"/>
<edge node1="v320" node2="v391" weight="7"/>
<edge node1="v320" node2="v15" weight="6"/>
<edge node1="v196" node2="v389" weight="4"/>
<edge node1="v57" node2="v340" weight="7"/>
<edge node1="v57" node2="v119" weight="5"/>
<edge node1="v306" node2="v318" weight="3"/>
<edge node1="v80" node2="v376" weight="2"/>
<edge node1="v80" node2="v195" weight="7"/>
<edge node1="v138" node2="v232" weight="5"/>
<edge node1="v358" node2="v24" weight="6"/>
<edge node1="v358" node2="v363" weight="8"/>
<edge node1="v130" node2="v253" weight="1"/>
<edge node1="v130" node2="v27" weight="4"/>
<edge node1="v130" node2="v18" weight="6"/>
<edge node1="v212" node2="v16" weight="9"/>
<edge node1="v65" node2="v346" weight="5"/>
<edge node1="v65" node2="v384" weight="6"/>
<edge node1="v23" node2="v41" weight="9"/>
<edge node1="v23" node2="v285" weight="6"/>
<edge node1="v304" node2="v25" weight="5"/>
<edge node1="v304" node2="v41" weight="6"/>
<edge node1="v280" node2="v199" weight="1"/>
<edge node1="v280" node2="v119" weight="1"/>
<edge node1="v269" node2="v118" weight="3"/>
<edge node1="v265" node2="v91" weight="7"/>
<edge node1="v268" node2="v332" weight="9"/>
<edge node1="v88" node2="v25" weight="9"/>
<edge node1="v88" node2="v86" weight="4"/>
<edge node1="v340" node2="v201" weight="2"/>
<edge node1="v117" node2="v94" weight="6"/>
<edge node1="v262" node2="v208" weight="8"/>
<edge node1="v139" node2="v38" weight="7"/>
<edge node1="v139" node2="v82" weight="9"/>
<edge node1="v253" node2="v42" weight="2"/>
<edge node1="v253" node2="v285" weight="6"/>
<edge node1="v349" node2="v146" weight="2"/>
<edge node1="v349" node2="v288" weight="4"/>
<edge node1="v20" node2="v295" weight="5"/>
<edge node1="v102" node2="v42" weight="8"/>
<edge node1="v102" node2="v285" weight="6"/>
<edge node1="v346" node2="v121" weight="5"/>
<edge node1="v74" node2="v356" weight="6"/>
<edge node1="v74" node2="v324" weight="5"/>
<edge node1="v257" node2="v383" weight="7"/>
<edge node1="v257" node2="v19" weight="2"/>
<edge node1="v383" node2="v318" weight="5"/>
<edge node1="v383" node2="v54" weight="2"/>
<edge node1="v294" node2="v140" weight="2"/>
<edge node1="v165" node2="v40" weight="7"/>
<edge node1="v220" node2="v356" weight="3"/>
<edge node1="v317" node2="v149" weight="9"/>
<edge node1="v59" node2="v110" weight="6"/>
<edge node1="v59" node2="v376" weight="7"/>
<edge node1="v126" node2="v217" weight="3"/>
<edge node1="v126" node2="v224" weight="4"/>
<edge node1="v217" node2="v310" weight="4"/>
<edge node1="v319" node2="v250" weight="7"/>
<edge node1="v319" node2="v141" weight="6"/>
<edge node1="v326" node2="v132" weight="3"/>
<edge node1="v295" node2="v86" weight="5"/>
<edge node1="v216" node2="v332" weight="1"/>
<edge node1="v193" node2="v199" weight="5"/>
<edge node1="v33" node2="v91" weight="3"/>
<edge node1="v223" node2="v240" weight="1"/>
<edge node1="v67" node2="v331" weight="1"/>
<edge node1="v41" node2="v277" weight="7"/>
<edge node1="v197" node2="v391" weight="7"/>
<edge node1="v146" node2="v141" weight="6"/>
<edge node1="v120" node2="v149" weight="4"/>
<edge node1="v190" node2="v133" weight="2"/>
<edge node1="v190" node2="v353" weight="4"/>
<edge node1="v190" node2="v283" weight="1"/>
<edge node1="v252" node2="v26" weight="3"/>
<edge node1="v240" node2="v308" weight="2"/>
<edge node1="v229" node2="v140" weight="6"/>
<edge node1="v331" node2="v350" weight="2"/>
<edge node1="v125" node2="v308" weight="7"/>
<edge node1="v104" node2="v375" weight="6"/>
<edge node1="v251" node2="v377" weight="9"/>
<edge node1="v251" node2="v363" weight="4"/>
<edge node1="v184" node2="v358" weight="8"/>
<edge node1="v184" node2="v363" weight="4"/>
<edge node1="v298" node2="v73" weight="3"/>
<edge node1="v222" node2="v9" weight="8"/>
<edge node1="v73" node2="v57" weight="1"/>
<edge node1="v73" node2="v119" weight="4"/>
<edge node1="v181" node2="v48" weight="2"/>
<edge node1="v181" node2="v111" weight="2"/>
<edge node1="v299" node2="v391" weight="5"/>
<edge node1="v70" node2="v319" weight="9"/>
<edge node1="v70" node2="v146" weight="5"/>
<edge node1="v70" node2="v141" weight="1"/>
<edge node1="v377" node2="v20" weight="4"/>
<edge node1="v377" node2="v362" weight="5"/>
<edge node1="v377" node2="v295" weight="4"/>
<edge node1="v289" node2="v262" weight="9"/>
<edge node1="v342" node2="v245" weight="8"/>
<edge node1="v176" node2="v286" weight="1"/>
<edge node1="v81" node2="v261" weight="8"/>
<edge node1="v81" node2="v386" weight="6"/>
<edge node1="v36" node2="v209" weight="4"/>
<edge node1="v36" node2="v165" weight="7"/>
<edge node1="v272" node2="v88" weight="6"/>
<edge node1="v272" node2="v86" weight="1"/>
<edge node1="v147" node2="v130" weight="7"/>
<edge node1="v147" node2="v27" weight="4"/>
<edge node1="v44" node2="v243" weight="4"/>
<edge node1="v164" node2="v101" weight="6"/>
<edge node1="v164" node2="v309" weight="8"/>
<edge node1="v182" node2="v337" weight="5"/>
<edge node1="v182" node2="v82" weight="6"/>
<edge node1="v173" node2="v257" weight="3"/>
<edge node1="v173" node2="v383" weight="5"/>
<edge node1="v344" node2="v150" weight="3"/>
<edge node1="v312" node2="v171" weight="4"/>
<edge node1="v108" node2="v133" weight="5"/>
<edge node1="v385" node2="v199" weight="1"/>
<edge node1="v218" node2="v189" weight="2"/>
<edge node1="v218" node2="v362" weight="4"/>
<edge node1="v115" node2="v122" weight="8"/>
<edge node1="v115" node2="v33" weight="8"/>
<edge node1="v115" node2="v91" weight="6"/>
<edge node1="v311" node2="v375" weight="4"/>
<edge node1="v311" node2="v236" weight="2"/>
<edge node1="v307" node2="v139" weight="7"/>
<edge node1="v307" node2="v38" weight="1"/>
<edge node1="v106" node2="v94" weight="6"/>
<edge node1="v189" node2="v120" weight="3"/>
<edge node1="v347" node2="v159" weight="3"/>
<edge node1="v347" node2="v78" weight="2"/>
<edge node1="v323" node2="v224" weight="3"/>
<edge node1="v178" node2="v369" weight="4"/>
<edge node1="v48" node2="v121" weight="4"/>
<edge node1="v230" node2="v265" weight="3"/>
<edge node1="v209" node2="v304" weight="9"/>
<edge node1="v209" node2="v41" weight="7"/>
<edge node1="v382" node2="v59" weight="3"/>
<edge node1="v382" node2="v376" weight="6"/>
<edge node1="v85" node2="v271" weight="8"/>
<edge node1="v85" node2="v197" weight="6"/>
<edge node1="v131" node2="v252" weight="5"/>
<edge node1="v131" node2="v26" weight="8"/>
<edge node1="v243" node2="v51" weight="8"/>
<edge node1="v243" node2="v372" weight="3"/>
<edge node1="v111" node2="v245" weight="6"/>
<edge node1="v122" node2="v317" weight="9"/>
<edge node1="v206" node2="v101" weight="3"/>
<edge node1="v297" node2="v139" weight="9"/>
<edge node1="v297" node2="v38" weight="9"/>
<edge node1="v297" node2="v82" weight="9"/>
<edge node1="v367" node2="v269" weight="3"/>
<edge node1="v367" node2="v118" weight="2"/>
<edge node1="v9" node2="v375" weight="7"/>
<edge node1="v159" node2="v310" weight="7"/>
<edge node1="v51" node2="v167" weight="3"/>
<edge node1="v51" node2="v132" weight="1"/>
<edge node1="v187" node2="v325" weight="4"/>
<edge node1="v187" node2="v56" weight="6"/>
<edge node1="v78" node2="v139" weight="3"/>
<edge node1="v270" node2="v138" weight="4"/>
<edge node1="v286" node2="v232" weight="1"/>
<edge node1="v286" node2="v327" weight="9"/>
<edge node1="v196" node2="v149" weight="6"/>
<edge node1="v157" node2="v257" weight="4"/>
<edge node1="v57" node2="v67" weight="2"/>
<edge node1="v306" node2="v343" weight="3"/>
<edge node1="v80" node2="v224" weight="9"/>
<edge node1="v261" node2="v133" weight="9"/>
<edge node1="v358" node2="v117" weight="3"/>
<edge node1="v358" node2="v295" weight="3"/>
<edge node1="v358" node2="v86" weight="7"/>
<edge node1="v52" node2="v98" weight="4"/>
<edge node1="v24" node2="v117" weight="3"/>
<edge node1="v24" node2="v94" weight="5"/>
<edge node1="v386" node2="v353" weight="8"/>
<edge node1="v212" node2="v337" weight="5"/>
<edge node1="v191" node2="v65" weight="2"/>
<edge node1="v191" node2="v346" weight="6"/>
<edge node1="v191" node2="v384" weight="1"/>
<edge node1="v167" node2="v190" weight="8"/>
<edge node1="v167" node2="v133" weight="9"/>
<edge node1="v65" node2="v257" weight="5"/>
<edge node1="v65" node2="v383" weight="2"/>
<edge node1="v256" node2="v292" weight="8"/>
<edge node1="v23" node2="v95" weight="6"/>
<edge node1="v23" node2="v250" weight="6"/>
<edge node1="v248" node2="v357" weight="6"/>
<edge node1="v248" node2="v185" weight="3"/>
<edge node1="v304" node2="v319" weight="4"/>
<edge node1="v304" node2="v141" weight="7"/>
<edge node1="v388" node2="v15" weight="3"/>
<edge node1="v269" node2="v253" weight="3"/>
<edge node1="v269" node2="v42" weight="4"/>
<edge node1="v246" node2="v349" weight="2"/>
<edge node1="v246" node2="v146" weight="7"/>
<edge node1="v246" node2="v288" weight="2"/>
<edge node1="v268" node2="v292" weight="2"/>
<edge node1="v337" node2="v16" weight="2"/>
<edge node1="v340" node2="v350" weight="4"/>
<edge node1="v201" node2="v350" weight="1"/>
<edge node1="v262" node2="v271" weight="5"/>
<edge node1="v262" node2="v197" weight="2"/>
<edge node1="v20" node2="v125" weight="6"/>
<edge node1="v102" node2="v319" weight="3"/>
<edge node1="v102" node2="v250" weight="7"/>
<edge node1="v38" node2="v238" weight="4"/>
<edge node1="v30" node2="v82" weight="8"/>
<edge node1="v357" node2="v220" weight="4"/>
<edge node1="v357" node2="v356" weight="7"/>
<edge node1="v383" node2="v384" weight="9"/>
<edge node1="v294" node2="v309" weight="3"/>
<edge node1="v165" node2="v98" weight="5"/>
<edge node1="v208" node2="v197" weight="9"/>
<edge node1="v208" node2="v391" weight="3"/>
<edge node1="v220" node2="v240" weight="8"/>
<edge node1="v220" node2="v125" weight="3"/>
<edge node1="v220" node2="v308" weight="8"/>
<edge node1="v99" node2="v372" weight="3"/>
<edge node1="v343" node2="v14" weight="3"/>
<edge node1="v343" node2="v318" weight="9"/>
<edge node1="v317" node2="v93" weight="9"/>
<edge node1="v25" node2="v141" weight="6"/>
<edge node1="v126" node2="v296" weight="7"/>
<edge node1="v126" node2="v195" weight="3"/>
<edge node1="v224" node2="v296" weight="7"/>
<edge node1="v148" node2="v146" weight="4"/>
<edge node1="v101" node2="v229" weight="7"/>
<edge node1="v362" node2="v308" weight="7"/>
<edge node1="v356" node2="v125" weight="1"/>
<edge node1="v14" node2="v171" weight="8"/>
<edge node1="v319" node2="v41" weight="6"/>
<edge node1="v296" node2="v327" weight="7"/>
<edge node1="v295" node2="v363" weight="1"/>
<edge node1="v98" node2="v40" weight="5"/>
<edge node1="v193" node2="v331" weight="3"/>
<edge node1="v18" node2="v56" weight="6"/>
<edge node1="v33" node2="v19" weight="8"/>
<edge node1="v223" node2="v229" weight="3"/>
<edge node1="v223" node2="v140" weight="6"/>
<edge node1="v267" node2="v190" weight="4"/>
<edge node1="v267" node2="v353" weight="4"/>
<edge node1="v267" node2="v283" weight="5"/>
<edge node1="v67" node2="v119" weight="4"/>
<edge node1="v91" node2="v19" weight="7"/>
<edge node1="v132" node2="v372" weight="3"/>
<edge node1="v271" node2="v288" weight="1"/>
<edge node1="v41" node2="v250" weight="4"/>
<edge node1="v250" node2="v285" weight="3"/>
<edge node1="v199" node2="v331" weight="2"/>
<edge node1="v389" node2="v149" weight="4"/>
<edge node1="v240" node2="v140" weight="1"/>
<edge node1="v49" node2="v283" weight="5"/>
<edge node1="v214" node2="v44" weight="3"/>
<edge node1="v2" node2="v243" weight="7"/>
<edge node1="v68" node2="v372" weight="6"/>
<edge node1="v13" node2="v99" weight="1"/>
<edge node1="v116" node2="v201" weight="5"/>
<edge node1="v278" node2="v350" weight="6"/>
<edge node1="v103" node2="v193" weight="2"/>
<edge node1="v390" node2="v385" weight="8"/>
<edge node1="v124" node2="v256" weight="4"/>
<edge node1="v21" node2="v292" weight="4"/>
<edge node1="v235" node2="v15" weight="7"/>
<edge node1="v71" node2="v388" weight="8"/>
<edge node1="v213" node2="v54" weight="8"/>
<edge node1="v392" node2="v191" weight="8"/>
<edge node1="v64" node2="v384" weight="9"/>
<edge node1="v237" node2="v346" weight="1"/>
<edge node1="v172" node2="v342" weight="1"/>
</edges>
<teams>
<team achievementPoints="22" name="MAKo" score="2797" stepScore="77" usedAchievementPoints="20" zonesScore="55">
<achievements>
<achievement name="proved5"/>
<achievement name="proved10"/>
<achievement name="proved20"/>
<achievement name="proved40"/>
<achievement name="proved80"/>
<achievement name="surveyed10"/>
<achievement name="surveyed20"/>
<achievement name="surveyed40"/>
<achievement name="surveyed80"/>
<achievement name="surveyed160"/>
<achievement name="surveyed320"/>
<achievement name="surveyed640"/>
<achievement name="inspected5"/>
<achievement name="inspected10"/>
<achievement name="inspected20"/>
<achievement name="attacked5"/>
<achievement name="attacked10"/>
<achievement name="attacked20"/>
<achievement name="attacked40"/>
<achievement name="area10"/>
<achievement name="area20"/>
</achievements>
<provedNodes>
<node name="v187"/>
<node name="v184"/>
<node name="v56"/>
<node name="v53"/>
<node name="v50"/>
<node name="v380"/>
<node name="v231"/>
<node name="v230"/>
<node name="v387"/>
<node name="v234"/>
<node name="v233"/>
<node name="v239"/>
<node name="v179"/>
<node name="v302"/>
<node name="v171"/>
<node name="v100"/>
<node name="v63"/>
<node name="v370"/>
<node name="v62"/>
<node name="v371"/>
<node name="v241"/>
<node name="v373"/>
<node name="v376"/>
<node name="v244"/>
<node name="v246"/>
<node name="v379"/>
<node name="v207"/>
<node name="v105"/>
<node name="v106"/>
<node name="v312"/>
<node name="v313"/>
<node name="v109"/>
<node name="v305"/>
<node name="v110"/>
<node name="v303"/>
<node name="v114"/>
<node name="v76"/>
<node name="v75"/>
<node name="v79"/>
<node name="v211"/>
<node name="v210"/>
<node name="v219"/>
<node name="v197"/>
<node name="v291"/>
<node name="v293"/>
<node name="v198"/>
<node name="v117"/>
<node name="v295"/>
<node name="v80"/>
<node name="v323"/>
<node name="v85"/>
<node name="v316"/>
<node name="v393"/>
<node name="v6"/>
<node name="v398"/>
<node name="v399"/>
<node name="v225"/>
<node name="v224"/>
<node name="v0"/>
<node name="v333"/>
<node name="v288"/>
<node name="v330"/>
<node name="v287"/>
<node name="v3"/>
<node name="v284"/>
<node name="v285"/>
<node name="v144"/>
<node name="v147"/>
<node name="v145"/>
<node name="v146"/>
<node name="v17"/>
<node name="v18"/>
<node name="v14"/>
<node name="v329"/>
<node name="v328"/>
<node name="v325"/>
<node name="v276"/>
<node name="v130"/>
<node name="v94"/>
<node name="v131"/>
<node name="v271"/>
<node name="v134"/>
<node name="v136"/>
<node name="v28"/>
<node name="v128"/>
<node name="v200"/>
<node name="v24"/>
<node name="v26"/>
<node name="v27"/>
<node name="v22"/>
<node name="v336"/>
<node name="v161"/>
<node name="v351"/>
<node name="v262"/>
<node name="v269"/>
<node name="v169"/>
<node name="v39"/>
<node name="v349"/>
<node name="v34"/>
<node name="v31"/>
<node name="v252"/>
<node name="v253"/>
<node name="v151"/>
<node name="v254"/>
<node name="v363"/>
<node name="v366"/>
<node name="v368"/>
<node name="v153"/>
<node name="v46"/>
<node name="v47"/>
<node name="v358"/>
<node name="v42"/>
<node name="v43"/>
</provedNodes>
</team>
<team achievementPoints="2" name="A" score="1386" stepScore="19" usedAchievementPoints="30" zonesScore="17">
<achievements>
<achievement name="proved5"/>
<achievement name="proved10"/>
<achievement name="proved20"/>
<achievement name="proved40"/>
<achievement name="proved80"/>
<achievement name="surveyed10"/>
<achievement name="surveyed20"/>
<achievement name="surveyed40"/>
<achievement name="surveyed80"/>
<achievement name="surveyed160"/>
<achievement name="inspected5"/>
<achievement name="inspected10"/>
<achievement name="attacked5"/>
<achievement name="area10"/>
<achievement name="area20"/>
<achievement name="area40"/>
</achievements>
<provedNodes>
<node name="v228"/>
<node name="v186"/>
<node name="v226"/>
<node name="v189"/>
<node name="v181"/>
<node name="v54"/>
<node name="v381"/>
<node name="v386"/>
<node name="v383"/>
<node name="v384"/>
<node name="v388"/>
<node name="v369"/>
<node name="v174"/>
<node name="v177"/>
<node name="v239"/>
<node name="v176"/>
<node name="v179"/>
<node name="v178"/>
<node name="v102"/>
<node name="v65"/>
<node name="v104"/>
<node name="v372"/>
<node name="v240"/>
<node name="v374"/>
<node name="v375"/>
<node name="v68"/>
<node name="v209"/>
<node name="v204"/>
<node name="v108"/>
<node name="v70"/>
<node name="v74"/>
<node name="v304"/>
<node name="v72"/>
<node name="v115"/>
<node name="v77"/>
<node name="v308"/>
<node name="v215"/>
<node name="v216"/>
<node name="v294"/>
<node name="v218"/>
<node name="v192"/>
<node name="v298"/>
<node name="v118"/>
<node name="v81"/>
<node name="v324"/>
<node name="v190"/>
<node name="v315"/>
<node name="v122"/>
<node name="v121"/>
<node name="v319"/>
<node name="v86"/>
<node name="v318"/>
<node name="v9"/>
<node name="v88"/>
<node name="v125"/>
<node name="v222"/>
<node name="v225"/>
<node name="v397"/>
<node name="v288"/>
<node name="v289"/>
<node name="v332"/>
<node name="v286"/>
<node name="v285"/>
<node name="v282"/>
<node name="v143"/>
<node name="v283"/>
<node name="v141"/>
<node name="v148"/>
<node name="v146"/>
<node name="v19"/>
<node name="v12"/>
<node name="v326"/>
<node name="v344"/>
<node name="v275"/>
<node name="v276"/>
<node name="v93"/>
<node name="v95"/>
<node name="v271"/>
<node name="v133"/>
<node name="v272"/>
<node name="v99"/>
<node name="v129"/>
<node name="v202"/>
<node name="v91"/>
<node name="v23"/>
<node name="v162"/>
<node name="v262"/>
<node name="v356"/>
<node name="v269"/>
<node name="v266"/>
<node name="v267"/>
<node name="v167"/>
<node name="v260"/>
<node name="v163"/>
<node name="v38"/>
<node name="v35"/>
<node name="v348"/>
<node name="v33"/>
<node name="v362"/>
<node name="v150"/>
<node name="v255"/>
<node name="v257"/>
<node name="v258"/>
<node name="v156"/>
<node name="v250"/>
<node name="v155"/>
<node name="v49"/>
<node name="v40"/>
<node name="v41"/>
<node name="v42"/>
</provedNodes>
</team>
</teams>
</state>
</simulationstate>
